id;ddsconc;ddsdata;ddslocal;ddspremioest;ddspr07;ddspr06;ddspr05;ddspr04;ddsprmes;ddsgan07;ddsgan06;ddsgan05;ddsgan04;ddsganmes;dds01;dds02;dds03;dds04;dds05;dds06;dds07;ddsdmes;ddscidadesgan;;;;;;;;;;
1;1;2018-05-19;GOIÂNIA, GO;1.000.000,00;957.949,23;1.992,96;20,00;4,00;2,00;1;206;7.250;94.747;276.204;3;5;8;9;19;21;30;2;;;;;;;;;;;
2;2;2018-05-22;SÃO PAULO, SP;500.000,00;752.176,93;2.731,88;20,00;4,00;2,00;1;118;4.506;58.532;195.268;8;11;12;14;20;21;28;12;;;;;;;;;;;
3;3;2018-05-24;SÃO PAULO, SP;500.000,00;769.663,08;3.835,53;20,00;4,00;2,00;1;86;3.780;58.680;237.328;11;12;21;24;25;28;29;4;;;;;;;;;;;
4;4;2018-05-26;FERNANDÓPOLIS, SP;500.000,00;0,00;1.812,18;20,00;4,00;2,00;0;172;7.299;90.279;207.914;6;7;13;15;18;19;29;1;;;;;;;;;;;
5;5;2018-05-29;SÃO PAULO, SP;1.200.000,00;0,00;2.318,99;20,00;4,00;2,00;0;176;7.199;91.828;219.620;2;8;9;17;19;24;28;12;;;;;;;;;;;
6;6;2018-06-02;JATAÍ, GO;2.400.000,00;1.522.363,99;3.232,30;20,00;4,00;2,00;2;181;8.149;111.572;362.869;1;11;18;19;26;30;31;2;;;;;;;;;;;
7;7;2018-06-05;SÃO PAULO, SP;600.000,00;911.052,25;2.352,12;20,00;4,00;2,00;1;166;6.472;83.823;223.216;2;5;6;14;20;24;25;1;;;;;;;;;;;
8;8;2018-06-07;SÃO PAULO, SP;500.000,00;0,00;2.446,03;20,00;4,00;2,00;0;138;6.015;82.995;288.985;1;4;13;21;22;24;27;9;;;;;;;;;;;
9;9;2018-06-09;GOIÁS, GO;1.500.000,00;550.090,55;1.566,56;20,00;4,00;2,00;3;236;7.904;98.858;297.537;3;10;13;18;19;23;24;8;;;;;;;;;;;
10;10;2018-06-12;SÃO PAULO, SP;500.000,00;0,00;1.807,61;20,00;4,00;2,00;0;189;7.078;91.165;246.739;6;10;13;18;19;20;30;8;;;;;;;;;;;
11;11;2018-06-14;SÃO PAULO, SP;1.500.000,00;0,00;1.379,52;20,00;4,00;2,00;0;247;8.149;91.754;291.867;7;13;16;19;20;27;31;9;;;;;;;;;;;
12;12;2018-06-16;PELOTAS, RS;2.300.000,00;2.511.848,77;2.559,27;20,00;4,00;2,00;1;154;6.028;80.453;302.827;2;3;7;12;17;21;22;9;;;;;;;;;;;
13;13;2018-06-19;SÃO PAULO, SP;600.000,00;0,00;3.248,07;20,00;4,00;2,00;0;109;4.967;65.744;236.645;1;4;7;9;20;21;26;4;;;;;;;;;;;
14;14;2018-06-21;SÃO PAULO, SP;1.600.000,00;0,00;3.191,89;20,00;4,00;2,00;0;117;4.572;64.958;245.405;1;8;16;20;21;26;31;11;;;;;;;;;;;
15;15;2018-06-23;CAMPINA GRANDE, PB;2.300.000,00;0,00;2.380,40;20,00;4,00;2,00;0;131;5.552;70.164;200.142;8;11;13;16;26;28;29;11;;;;;;;;;;;
16;16;2018-06-26;SÃO PAULO, SP;3.000.000,00;3.377.345,30;1.693,41;20,00;4,00;2,00;1;241;7.762;94.887;351.299;1;2;7;12;16;20;25;10;;;;;;;;;;;
17;17;2018-06-28;SÃO PAULO, SP;600.000,00;0,00;2.491,99;20,00;4,00;2,00;0;114;4.952;66.685;220.375;9;11;13;14;19;20;22;6;;;;;;;;;;;
18;18;2018-06-30;CAMPINA GRANDE, PB;1.200.000,00;1.485.720,79;2.415,42;20,00;4,00;2,00;1;146;5.593;68.145;253.937;4;7;8;14;21;27;31;6;;;;;;;;;;;
19;19;2018-07-03;SÃO PAULO, SP;600.000,00;0,00;2.528,96;20,00;4,00;2,00;0;117;5.201;68.262;226.607;3;4;9;12;14;28;29;10;;;;;;;;;;;
20;20;2018-07-05;SÃO PAULO, SP;1.400.000,00;1.529.023,23;2.461,70;20,00;4,00;2,00;1;146;5.475;70.063;267.033;6;12;17;21;26;29;31;10;;;;;;;;;;;
21;21;2018-07-07;RIO GRANDE, RS;600.000,00;0,00;2.985,07;20,00;4,00;2,00;0;92;3.912;55.326;216.835;2;8;10;11;12;18;31;3;;;;;;;;;;;
22;22;2018-07-10;SÃO PAULO, SP;1.300.000,00;0,00;1.821,40;20,00;4,00;2,00;0;171;5.463;71.213;233.489;2;4;5;12;18;22;27;7;;;;;;;;;;;
23;23;2018-07-12;SÃO PAULO, SP;2.000.000,00;0,00;2.659,34;20,00;4,00;2,00;0;138;5.266;78.899;291.762;9;10;17;19;25;27;28;5;;;;;;;;;;;
24;24;2018-07-14;SÃO MIGUEL DO OESTE, SC;3.000.000,00;1.555.119,98;2.675,24;20,00;4,00;2,00;2;142;6.617;91.109;302.407;7;8;12;15;16;18;30;10;;;;;;;;;;;
25;25;2018-07-17;SÃO PAULO, SP;550.000,00;66.134,25;1.032,91;20,00;4,00;2,00;10;392;8.017;75.597;210.521;1;10;13;17;21;25;29;7;;;;;;;;;;;
26;26;2018-07-19;SÃO PAULO, SP;500.000,00;0,00;1.547,94;20,00;4,00;2,00;0;172;5.921;69.728;228.359;2;8;10;11;16;20;28;8;;;;;;;;;;;
27;27;2018-07-21;IPAMERI, GO;1.200.000,00;261.217,58;1.558,72;20,00;4,00;2,00;5;269;6.538;68.661;210.504;6;12;15;17;20;23;28;2;;;;;;;;;;;
28;28;2018-07-24;SÃO PAULO, SP;500.000,00;322.400,17;1.654,75;20,00;4,00;2,00;2;167;6.278;68.977;190.014;2;9;12;15;18;20;24;11;;;;;;;;;;;
29;29;2018-07-26;SÃO PAULO, SP;500.000,00;0,00;1.647,79;20,00;4,00;2,00;0;160;6.199;68.444;185.873;3;5;13;21;22;24;27;2;;;;;;;;;;;
30;30;2018-07-28;POUSO REDONDO, SC;1.200.000,00;0,00;3.161,82;20,00;4,00;2,00;0;102;4.372;63.552;200.149;4;8;9;17;20;27;30;11;;;;;;;;;;;
31;31;2018-07-31;SÃO PAULO, SP;1.900.000,00;0,00;2.182,16;20,00;4,00;2,00;0;166;6.680;81.955;207.705;4;6;7;9;11;24;28;6;;;;;;;;;;;
32;32;2018-08-02;SÃO PAULO, SP;2.800.000,00;3.042.879,87;1.434,28;20,00;4,00;2,00;1;248;8.268;95.098;281.916;3;4;7;16;18;20;27;3;;;;;;;;;;;
33;33;2018-08-04;CATALÃO, GO;500.000,00;0,00;2.514,48;20,00;4,00;2,00;0;100;4.402;59.156;238.137;3;10;12;13;23;28;31;9;;;;;;;;;;;
34;34;2018-08-07;SÃO PAULO, SP;1.200.000,00;249.523,68;857,28;20,00;4,00;2,00;5;472;8.622;79.501;201.441;6;12;15;18;23;27;29;12;;;;;;;;;;;
35;35;2018-08-09;SÃO PAULO, SP;450.000,00;0,00;2.041,16;20,00;4,00;2,00;0;129;5.287;59.487;179.090;3;7;11;12;17;22;23;11;;;;;;;;;;;
36;36;2018-08-11;RIBEIRÃO DOS ÍNDIOS, SP;1.100.000,00;0,00;1.879,27;20,00;4,00;2,00;0;166;6.375;82.051;178.356;2;7;11;12;13;16;27;6;;;;;;;;;;;
37;37;2018-08-14;SÃO PAULO, SP;2.000.000,00;1.050.708,38;1.549,24;20,00;4,00;2,00;2;210;6.984;91.231;206.448;2;7;12;16;18;22;23;1;;;;;;;;;;;
38;38;2018-08-16;SÃO PAULO, SP;500.000,00;0,00;2.494,98;20,00;4,00;2,00;0;113;4.353;56.796;154.846;8;15;17;18;26;29;30;7;;;;;;;;;;;
39;39;2018-08-18;CORIBE, BA;1.200.000,00;654.649,21;1.551,09;20,00;4,00;2,00;2;180;5.920;71.800;221.826;4;5;6;9;13;25;30;3;;;;;;;;;;;
40;40;2018-08-21;SÃO PAULO, SP;500.000,00;267.405,22;1.537,25;20,00;4,00;2,00;2;213;5.909;67.154;237.819;2;10;12;14;19;21;27;9;;;;;;;;;;;
41;41;2018-08-23;SÃO PAULO, SP;450.000,00;582.726,79;2.047,05;20,00;4,00;2,00;1;122;4.717;59.217;153.773;7;12;23;25;27;30;31;12;;;;;;;;;;;
42;42;2018-08-25;ITABELA, BA;500.000,00;0,00;3.442,88;20,00;4,00;2,00;0;75;3.232;44.555;136.430;6;11;14;16;17;29;31;6;;;;;;;;;;;
43;43;2018-08-28;SÃO PAULO, SP;1.000.000,00;1.195.763,44;1.753,48;20,00;4,00;2,00;1;145;4.770;58.528;188.443;4;7;17;18;27;28;31;4;;;;;;;;;;;
44;44;2018-08-30;SÃO PAULO, SP;500.000,00;0,00;1.636,10;20,00;4,00;2,00;0;145;4.151;50.510;131.092;7;9;15;23;26;30;31;6;;;;;;;;;;;
45;45;2018-09-01;SÃO JOSÉ DO CEDRO, SC;1.000.000,00;521.455,52;1.388,92;20,00;4,00;2,00;2;151;5.380;65.854;245.816;2;5;7;12;15;29;30;9;;;;;;;;;;;
46;46;2018-09-04;SÃO PAULO, SP;500.000,00;0,00;1.865,60;20,00;4,00;2,00;0;123;4.490;53.357;189.424;1;4;5;8;10;16;30;8;;;;;;;;;;;
47;47;2018-09-06;SÃO PAULO, SP;1.000.000,00;0,00;1.766,73;20,00;4,00;2,00;0;118;4.437;58.493;240.115;5;7;13;15;16;20;22;9;;;;;;;;;;;
48;48;2018-09-08;SÃO BENTO DO SUL, SC;1.300.000,00;0,00;1.853,51;20,00;4,00;2,00;0;87;2.944;36.664;108.816;6;8;10;17;23;29;31;4;;;;;;;;;;;
49;49;2018-09-11;SÃO PAULO, SP;1.800.000,00;2.099.216,63;2.384,67;20,00;4,00;2,00;1;126;4.724;60.105;170.058;4;11;16;17;20;23;31;1;;;;;;;;;;;
50;50;2018-09-13;SÃO PAULO, SP;500.000,00;0,00;2.252,00;20,00;4,00;2,00;0;93;3.271;47.806;231.428;14;16;17;18;22;23;31;9;;;;;;;;;;;
51;51;2018-09-15;SERRA NEGRA, SP;1.000.000,00;164.398,02;1.417,28;20,00;4,00;2,00;6;215;6.144;58.228;249.914;2;8;10;14;16;24;28;9;;;;;;;;;;;
52;52;2018-09-18;SÃO PAULO, SP;500.000,00;485.937,23;1.946,35;20,00;4,00;2,00;1;107;4.099;51.005;246.074;7;12;14;20;22;24;26;9;;;;;;;;;;;
53;53;2018-09-20;SÃO PAULO, SP;400.000,00;0,00;1.659,04;20,00;4,00;2,00;0;176;5.595;61.556;148.769;3;7;16;18;19;25;30;4;;;;;;;;;;;
54;54;2018-09-22;OLIVEIRA, MG;1.000.000,00;0,00;2.770,68;20,00;4,00;2,00;0;90;3.771;50.833;181.882;4;11;18;21;24;25;27;8;;;;;;;;;;;
55;55;2018-09-25;SÃO PAULO, SP;1.500.000,00;0,00;2.640,63;20,00;4,00;2,00;0;97;4.098;53.228;245.526;1;8;16;18;22;25;28;10;;;;;;;;;;;
56;56;2018-09-27;SÃO PAULO, SP;2.100.000,00;2.313.959,25;1.794,91;20,00;4,00;2,00;1;157;5.413;68.661;179.576;9;10;15;16;17;23;31;12;;;;;;;;;;;
57;57;2018-09-29;PALMAS, PR;500.000,00;448.800,85;1.335,72;20,00;4,00;2,00;1;144;4.728;54.343;191.566;3;5;10;12;18;26;28;10;;;;;;;;;;;
58;58;2018-10-02;SÃO PAULO, SP;450.000,00;270.029,03;1.978,23;20,00;4,00;2,00;2;117;4.195;48.596;166.361;11;12;13;24;25;29;30;8;;;;;;;;;;;
59;59;2018-10-04;SÃO PAULO, SP;450.000,00;466.521,16;1.549,90;20,00;4,00;2,00;1;129;3.969;51.860;213.983;3;4;5;8;10;24;25;10;;;;;;;;;;;
60;60;2018-10-06;ITAPIRANGA, SC;450.000,00;0,00;2.337,54;20,00;4,00;2,00;0;88;3.117;45.578;218.293;1;6;7;8;17;18;22;10;;;;;;;;;;;
61;61;2018-10-09;SÃO PAULO, SP;1.000.000,00;496.363,26;1.075,10;20,00;4,00;2,00;2;292;7.063;69.420;162.227;5;8;10;13;19;25;28;4;;;;;;;;;;;
62;62;2018-10-11;SÃO PAULO, SP;500.000,00;0,00;1.830,59;20,00;4,00;2,00;0;121;4.537;56.821;140.493;7;11;13;18;23;28;30;12;;;;;;;;;;;
63;63;2018-10-13;JOAÇABA, SC;900.000,00;887.190,50;2.334,18;20,00;4,00;2,00;1;68;2.763;36.498;115.552;2;3;6;9;27;28;29;8;;;;;;;;;;;
64;64;2018-10-16;SÃO PAULO, SP;300.000,00;524.144,40;2.582,00;20,00;4,00;2,00;1;87;3.517;49.310;122.543;5;6;8;17;18;20;27;1;;;;;;;;;;;
65;65;2018-10-18;SÃO PAULO, SP;500.000,00;0,00;2.602,75;20,00;4,00;2,00;0;82;3.352;45.854;144.211;7;20;21;27;28;30;31;2;;;;;;;;;;;
66;66;2018-10-20;SANTA HELENA DE GOIÁS, GO;1.000.000,00;0,00;1.442,62;20,00;4,00;2,00;0;199;5.635;62.316;232.697;4;6;10;11;12;17;24;9;;;;;;;;;;;
67;67;2018-10-23;JEQUIÉ, BA;1.500.000,00;492.320,26;1.635,00;20,00;4,00;2,00;3;191;5.225;55.368;258.635;1;4;8;14;19;22;26;10;;;;;;;;;;;
68;68;2018-10-25;JEQUIÉ, BA;500.000,00;0,00;2.594,57;20,00;4,00;2,00;0;86;2.753;37.359;113.977;1;4;6;14;20;21;27;1;;;;;;;;;;;
69;69;2018-10-27;JEQUIÉ, BA;900.000,00;0,00;2.137,45;20,00;4,00;2,00;0;117;4.277;52.494;127.139;1;3;5;6;8;26;29;7;;;;;;;;;;;
70;70;2018-10-30;ARAPIRACA, AL;1.500.000,00;871.901,25;1.944,18;20,00;4,00;2,00;2;141;4.956;63.047;177.558;2;4;5;9;11;28;29;12;;;;;;;;;;;
71;71;2018-11-01;ARAPIRACA, AL;450.000,00;0,00;1.498,17;20,00;4,00;2,00;0;132;4.731;57.062;215.074;4;6;7;8;24;27;31;9;;;;;;;;;;;
72;72;2018-11-03;ARAPIRACA, AL;1.000.000,00;885.509,44;2.753,71;20,00;4,00;2,00;1;66;2.687;35.700;117.886;1;2;6;8;9;18;21;4;;;;;;;;;;;
73;73;2018-11-06;SÃO PAULO, SP;400.000,00;516.068,26;1.974,75;20,00;4,00;2,00;1;112;3.758;47.840;163.845;8;9;10;11;14;18;23;8;;;;;;;;;;;
74;74;2018-11-08;SÃO PAULO, SP;500.000,00;88.563,10;684,91;20,00;4,00;2,00;6;475;5.363;53.734;121.852;6;12;15;17;20;23;29;6;;;;;;;;;;;
75;75;2018-11-10;MANHUMIRIM, MG;500.000,00;0,00;1.630,00;20,00;4,00;2,00;0;135;4.086;48.891;123.949;2;3;6;14;28;30;31;1;;;;;;;;;;;
76;76;2018-11-13;SÃO PAULO, SP;1.000.000,00;1.081.636,58;3.634,45;20,00;4,00;2,00;1;67;3.059;43.408;220.730;10;15;16;21;25;26;29;10;;;;;;;;;;;
77;77;2018-11-17;NAZARÉ PAULISTA, SP;500.000,00;505.506,51;1.775,79;20,00;4,00;2,00;1;122;4.796;58.593;238.370;6;7;11;12;14;19;21;9;;;;;;;;;;;
78;78;2018-11-20;SÃO PAULO, SP;500.000,00;0,00;1.579,47;20,00;4,00;2,00;0;99;3.503;44.290;157.153;4;6;8;13;14;19;23;10;;;;;;;;;;;
79;79;2018-11-22;SÃO PAULO, SP;1.000.000,00;0,00;1.869,20;20,00;4,00;2,00;0;108;3.959;49.131;211.026;1;8;10;12;15;21;28;9;;;;;;;;;;;
80;80;2018-11-24;CAMPOS BELOS, GO;1.300.000,00;1.383.422,53;2.172,73;20,00;4,00;2,00;1;108;3.551;50.667;118.659;2;3;4;10;18;19;28;6;;;;;;;;;;;
81;81;2018-11-27;SÃO PAULO, SP;450.000,00;0,00;2.857,79;20,00;4,00;2,00;0;68;3.431;44.661;128.431;6;10;12;25;26;27;29;2;;;;;;;;;;;
82;82;2018-11-29;SÃO PAULO, SP;850.000,00;943.939,46;1.655,25;20,00;4,00;2,00;1;127;4.260;52.495;151.072;2;9;10;13;16;17;22;4;;;;;;;;;;;
83;83;2018-12-01;CURITIBA, PR;500.000,00;0,00;2.197,88;20,00;4,00;2,00;0;93;3.518;44.887;136.136;2;9;10;13;15;21;26;5;;;;;;;;;;;
84;84;2018-12-04;SÃO PAULO, SP;900.000,00;0,00;2.703,39;20,00;4,00;2,00;0;84;4.092;56.292;139.533;7;10;15;16;18;19;24;5;;;;;;;;;;;
85;85;2018-12-06;SÃO PAULO, SP;1.500.000,00;1.643.411,08;3.497,84;20,00;4,00;2,00;1;78;3.316;47.769;139.102;3;7;21;22;23;26;31;6;;;;;;;;;;;
86;86;2018-12-08;SANTO ANASTÁCIO, SP;400.000,00;442.177,03;2.105,60;20,00;4,00;2,00;1;90;3.766;47.062;129.440;3;6;8;9;11;19;26;2;;;;;;;;;;;
87;87;2018-12-11;SÃO PAULO, SP;400.000,00;0,00;1.983,20;20,00;4,00;2,00;0;102;3.827;48.330;120.420;7;9;10;15;18;21;22;1;;;;;;;;;;;
88;88;2018-12-13;SÃO PAULO, SP;1.000.000,00;977.117,81;1.396,63;20,00;4,00;2,00;1;155;4.761;57.503;137.562;3;4;17;18;19;23;27;5;;;;;;;;;;;
89;89;2018-12-15;CRICIÚMA, SC;450.000,00;466.022,51;2.147,57;20,00;4,00;2,00;1;93;3.469;44.834;100.289;3;6;16;18;19;24;31;7;;;;;;;;;;;
90;90;2018-12-18;SÃO PAULO, SP;350.000,00;215.588,65;2.174,00;20,00;4,00;2,00;2;85;4.056;43.403;114.964;1;5;6;8;12;23;26;5;;;;;;;;;;;
91;91;2018-12-20;SÃO PAULO, SP;400.000,00;0,00;1.667,44;20,00;4,00;2,00;0;104;3.614;43.915;121.942;8;10;15;16;23;28;29;4;;;;;;;;;;;
92;92;2018-12-22;CONSELHEIRO PENA, MG;800.000,00;0,00;2.399,48;20,00;4,00;2,00;0;77;3.562;48.140;161.074;5;7;8;9;15;26;29;12;;;;;;;;;;;
93;93;2018-12-27;SÃO PAULO, SP;1.300.000,00;1.407.955,01;2.428,08;20,00;4,00;2,00;1;101;3.466;47.521;171.202;1;8;9;16;21;23;30;8;;;;;;;;;;;
94;94;2018-12-29;PALMITOS, SC;400.000,00;302.989,62;981,50;20,00;4,00;2,00;1;189;4.795;49.480;161.479;7;10;13;15;19;23;26;9;;;;;;;;;;;
95;95;2019-01-03;SÃO PAULO, SP;400.000,00;494.729,65;2.279,86;20,00;4,00;2,00;1;93;4.120;52.558;106.266;5;7;8;18;20;23;28;7;;;;;;;;;;;
96;96;2019-01-05;CAIBI, SC;400.000,00;101.981,46;1.551,24;20,00;4,00;2,00;4;161;4.691;49.225;119.402;3;4;9;15;17;28;29;5;;;;;;;;;;;
97;97;2019-01-08;SÃO PAULO, SP;400.000,00;0,00;3.332,96;20,00;4,00;2,00;0;58;2.701;38.939;127.223;1;10;12;22;23;25;28;11;;;;;;;;;;;
98;98;2019-01-10;SÃO PAULO, SP;850.000,00;0,00;2.721,88;20,00;4,00;2,00;0;67;3.505;47.875;195.495;1;3;7;12;26;27;28;9;;;;;;;;;;;
99;99;2019-01-12;SÃO PAULO, SP;1.300.000,00;0,00;3.243,00;20,00;4,00;2,00;0;70;2.925;41.428;171.730;4;14;20;27;28;29;30;3;;;;;;;;;;;
100;100;2019-01-15;SÃO PAULO, SP;1.850.000,00;0,00;2.068,22;20,00;4,00;2,00;0;120;4.246;54.218;163.378;3;4;8;15;16;20;21;5;;;;;;;;;;;
101;101;2019-01-17;SÃO PAULO, SP;2.500.000,00;0,00;2.179,00;20,00;4,00;2,00;0;123;4.484;59.008;163.139;4;5;9;13;19;20;29;12;;;;;;;;;;;
102;102;2019-01-19;PIRATUBA, SC;3.200.000,00;810.651,70;1.239,91;20,00;4,00;2,00;4;312;7.242;73.447;182.179;4;7;10;19;22;26;28;5;;;;;;;;;;;
103;103;2019-01-22;SÃO PAULO, SP;450.000,00;0,00;3.136,38;20,00;4,00;2,00;0;59;2.615;37.379;133.591;4;5;19;23;25;26;31;1;;;;;;;;;;;
104;104;2019-01-24;SÃO PAULO, SP;800.000,00;0,00;3.178,16;20,00;4,00;2,00;0;65;2.462;36.285;117.413;3;13;20;25;26;27;30;12;;;;;;;;;;;
105;105;2019-01-26;QUIRINÓPOLIS, GO;1.300.000,00;1.360.637,87;1.731,50;20,00;4,00;2,00;1;158;4.836;53.746;149.062;3;7;8;12;21;24;29;8;;;;;;;;;;;
106;106;2019-01-29;SAO PAULO, SP;400.000,00;0,00;1.605,97;20,00;4,00;2,00;0;106;3.560;41.352;99.291;5;8;17;20;25;26;28;12;;;;;;;;;;;
107;107;2019-01-31;SÃO PAULO, SP;500.000,00;806.708,24;1.576,81;20,00;4,00;2,00;1;159;4.949;53.354;100.605;4;7;13;15;18;20;23;6;;;;;;;;;;;
108;108;2019-02-02;GUARACIABA, SC;400.000,00;0,00;1.979,90;20,00;4,00;2,00;0;89;3.236;38.575;112.899;2;6;15;17;22;24;25;11;;;;;;;;;;;
109;109;2019-02-05;SÃO PAULO, SP;750.000,00;895.120,76;1.975,36;20,00;4,00;2,00;1;105;3.780;47.791;103.514;3;18;20;23;24;26;28;7;;;;;;;;;;;
110;110;2019-02-07;SÃO PAULO, SP;400.000,00;0,00;1.944,37;20,00;4,00;2,00;0;91;3.544;43.619;144.763;4;8;10;11;14;18;26;3;;;;;;;;;;;
111;111;2019-02-09;SÃO PAULO, SP;800.000,00;0,00;2.207,94;20,00;4,00;2,00;0;87;3.264;41.552;167.787;1;6;8;14;17;21;26;2;;;;;;;;;;;
112;112;2019-02-12;SÃO PAULO, SP;1.300.000,00;0,00;3.079,44;20,00;4,00;2,00;0;82;3.711;47.497;143.447;11;13;18;21;24;25;26;12;;;;;;;;;;;
113;113;2019-02-14;SÃO PAULO, SP;1.800.000,00;2.025.538,46;2.393,65;20,00;4,00;2,00;1;103;4.862;63.504;184.128;6;9;10;12;17;27;30;5;;;;;;;;;;;
114;114;2019-02-16;SÃO PAULO, SP;350.000,00;0,00;2.237,03;20,00;4,00;2,00;0;79;3.340;41.202;113.008;7;8;9;23;26;29;31;11;;;;;;;;;;;
115;115;2019-02-19;SÃO PAULO, SP;750.000,00;836.057,06;2.040,28;20,00;4,00;2,00;1;89;3.446;46.212;154.659;7;8;13;16;18;21;22;2;;;;;;;;;;;
116;116;2019-02-21;SÃO PAULO, SP;400.000,00;121.040,99;1.533,24;20,00;4,00;2,00;3;145;3.694;41.562;134.401;2;5;12;16;18;24;30;3;;;;;;;;;;;
117;117;2019-02-23;JUNDIAÍ, SP;350.000,00;114.178,75;1.565,04;20,00;4,00;2,00;3;134;4.081;44.073;140.864;5;7;9;16;18;20;27;10;;;;;;;;;;;
118;118;2019-02-26;SÃO PAULO, SP;350.000,00;0,00;1.741,71;20,00;4,00;2,00;0;123;3.627;40.847;135.592;2;5;7;9;15;22;30;10;;;;;;;;;;;
119;119;2019-02-28;SÃO PAULO, SP;700.000,00;378.517,91;1.710,61;20,00;4,00;2,00;2;102;3.714;45.883;117.607;2;3;6;12;24;25;28;11;;;;;;;;;;;
120;120;2019-03-02;VIDEIRA, SC;350.000,00;0,00;2.889,67;20,00;4,00;2,00;0;56;2.761;35.666;122.213;2;8;16;21;22;27;28;2;;;;;;;;;;;
121;121;2019-03-07;SÃO PAULO, SP;700.000,00;0,00;2.486,80;20,00;4,00;2,00;0;83;3.472;47.024;102.338;3;9;10;12;14;19;24;7;;;;;;;;;;;
122;122;2019-03-09;ITUPEVA, SP;1.200.000,00;0,00;3.184,15;20,00;4,00;2,00;0;69;2.827;36.949;164.149;12;13;14;15;16;23;31;4;;;;;;;;;;;
123;123;2019-03-12;SÃO PAULO, SP;1.800.000,00;1.965.021,39;1.897,16;20,00;4,00;2,00;1;134;3.885;53.100;177.699;6;11;16;18;19;21;23;8;;;;;;;;;;;
124;124;2019-03-14;SÃO PAULO, SP;400.000,00;0,00;3.026,17;20,00;4,00;2,00;0;61;2.666;35.712;116.190;12;15;20;21;22;24;27;11;;;;;;;;;;;
125;125;2019-03-16;ITUPEVA, SP;800.000,00;0,00;1.975,59;20,00;4,00;2,00;0;97;3.593;44.139;122.703;1;8;12;13;17;26;30;12;;;;;;;;;;;
126;126;2019-03-19;SÃO PAULO, SP;1.200.000,00;0,00;1.557,55;20,00;4,00;2,00;0;132;3.877;47.590;144.503;9;11;14;18;24;27;29;8;;;;;;;;;;;
127;127;2019-03-21;SÃO PAULO, SP;1.800.000,00;1.882.230,10;2.161,97;20,00;4,00;2,00;1;104;3.886;50.706;172.381;1;5;7;9;17;21;22;5;;;;;;;;;;;
128;128;2019-03-23;CRAVINHOS, SP;400.000,00;371.743,38;1.561,95;20,00;4,00;2,00;1;102;3.420;40.927;112.933;2;7;8;15;19;20;22;5;;;;;;;;;;;
129;129;2019-03-26;SÃO PAULO, SP;350.000,00;344.359,52;1.570,03;20,00;4,00;2,00;1;94;2.707;37.454;130.716;6;12;13;15;16;28;29;10;;;;;;;;;;;
130;130;2019-03-28;SÃO PAULO, SP;400.000,00;0,00;1.566,80;20,00;4,00;2,00;0;139;3.966;38.821;93.346;5;8;10;20;23;25;28;1;;;;;;;;;;;
131;131;2019-03-30;PANCAS, ES;700.000,00;750.521,74;1.781,08;20,00;4,00;2,00;1;95;2.984;38.024;156.694;4;5;11;22;26;27;30;3;;;;;;;;;;;
132;132;2019-04-02;SÃO PAULO, SP;400.000,00;359.936,39;1.656,91;20,00;4,00;2,00;1;133;3.988;44.185;137.716;3;11;14;18;19;23;26;10;;;;;;;;;;;
133;133;2019-04-04;SÃO PAULO, SP;350.000,00;386.090,21;3.064,21;20,00;4,00;2,00;1;54;2.547;33.769;131.272;1;4;8;10;20;22;31;3;;;;;;;;;;;
134;134;2019-04-06;SÃO PAULO, SP;350.000,00;379.211,96;2.196,21;20,00;4,00;2,00;1;74;3.057;37.555;119.323;1;2;8;10;14;16;18;5;;;;;;;;;;;
135;135;2019-04-09;SÃO PAULO, SP;350.000,00;0,00;2.908,17;20,00;4,00;2,00;0;59;2.663;36.546;93.663;2;5;6;11;25;27;28;1;;;;;;;;;;;
136;136;2019-04-11;SÃO PAULO, SP;700.000,00;0,00;3.066,98;20,00;4,00;2,00;0;60;2.588;36.077;141.724;17;19;20;21;23;27;30;3;;;;;;;;;;;
137;137;2019-04-13;BOTUCATU, SP;1.200.000,00;1.262.971,35;1.687,94;20,00;4,00;2,00;1;110;4.515;53.079;120.049;3;5;6;8;16;19;28;12;;;;;;;;;;;
138;138;2019-04-16;SÃO PAULO, SP;400.000,00;376.599,19;1.441,06;20,00;4,00;2,00;1;160;4.029;42.396;94.336;9;13;15;17;21;27;29;6;;;;;;;;;;;
139;139;2019-04-18;SÃO PAULO, SP;350.000,00;0,00;2.740,39;20,00;4,00;2,00;0;60;2.821;38.826;85.262;3;4;11;13;18;19;22;7;;;;;;;;;;;
140;140;2019-04-20;NOVA PETRÓPOLIS, RS;700.000,00;626.624,39;1.407,17;20,00;4,00;2,00;1;74;2.465;29.827;86.767;5;8;9;12;14;17;22;3;;;;;;;;;;;
141;141;2019-04-23;SÃO PAULO, SP;300.000,00;341.306,57;1.770,87;20,00;4,00;2,00;1;118;3.468;36.171;74.833;2;7;9;15;23;25;30;7;;;;;;;;;;;
142;142;2019-04-25;SÃO PAULO, SP;350.000,00;0,00;5.036,48;20,00;4,00;2,00;0;32;2.081;28.032;82.271;6;11;18;21;23;29;30;6;;;;;;;;;;;
143;143;2019-04-27;SÃO PAULO, SP;800.000,00;775.843,87;2.904,02;20,00;4,00;2,00;1;59;2.324;30.113;91.824;5;10;11;15;22;29;31;1;;;;;;;;;;;
144;144;2019-04-30;SÃO PAULO, SP;350.000,00;306.019,88;1.292,13;20,00;4,00;2,00;1;145;4.529;46.567;97.397;2;4;7;8;13;15;27;11;;;;;;;;;;;
145;145;2019-05-02;SÃO PAULO, SP;300.000,00;254.815,69;1.985,58;20,00;4,00;2,00;1;55;2.057;25.557;65.245;2;3;6;10;11;13;15;12;;;;;;;;;;;
146;146;2019-05-04;SÃO PAULO, SP;250.000,00;0,00;1.827,57;20,00;4,00;2,00;0;73;2.438;31.841;110.510;1;8;9;17;18;19;23;3;;;;;;;;;;;
147;147;2019-05-07;SÃO PAULO, SP;650.000,00;0,00;1.932,71;20,00;4,00;2,00;0;80;3.468;39.689;89.797;2;3;6;8;9;22;27;1;;;;;;;;;;;
148;148;2019-05-09;SÃO PAULO, SP;1.000.000,00;1.047.837,00;1.731,66;20,00;4,00;2,00;1;93;3.139;39.782;168.679;7;9;11;18;21;22;29;9;;;;;;;;;;;
149;149;2019-05-11;SÃO PAULO, SP;300.000,00;0,00;3.633,22;20,00;4,00;2,00;0;39;1.718;23.689;97.777;3;16;20;21;25;26;30;8;;;;;;;;;;;
150;150;2019-05-14;SÃO PAULO, SP;650.000,00;762.631,31;4.207,87;20,00;4,00;2,00;1;44;2.258;34.438;121.314;1;2;7;16;17;26;29;8;;;;;;;;;;;
151;151;2019-05-16;SÃO PAULO, SP;350.000,00;373.866,49;1.741,62;20,00;4,00;2,00;1;92;2.983;35.980;104.030;3;11;13;17;22;29;31;11;;;;;;;;;;;
152;152;2019-05-18;SÃO PAULO, SP;350.000,00;0,00;2.042,14;20,00;4,00;2,00;0;81;2.747;34.174;83.292;1;3;5;10;14;25;31;7;;;;;;;;;;;
153;153;2019-05-21;SÃO PAULO, SP;650.000,00;823.465,14;2.568,50;20,00;4,00;2,00;1;73;2.787;37.755;106.283;2;13;21;23;25;29;30;6;;;;;;;;;;;
154;154;2019-05-23;SÃO PAULO, SP;350.000,00;0,00;1.702,46;20,00;4,00;2,00;0;90;3.408;35.327;94.102;3;5;9;14;21;29;30;12;;;;;;;;;;;
155;155;2019-05-25;SÃO PAULO, SP;700.000,00;363.781,53;2.233,68;20,00;4,00;2,00;2;71;3.193;41.176;139.492;3;13;15;16;25;27;28;5;;;;;;;;;;;
156;156;2019-05-28;SÃO PAULO, SP;300.000,00;0,00;1.486,55;20,00;4,00;2,00;0;95;2.844;34.413;113.093;1;3;7;15;16;29;31;4;;;;;;;;;;;
157;157;2019-05-30;SÃO PAULO, SP;700.000,00;726.827,88;2.398,24;20,00;4,00;2,00;1;71;2.710;36.027;97.662;2;10;17;18;20;25;29;12;;;;;;;;;;;
158;158;2019-06-01;SÃO PAULO, SP;300.000,00;0,00;2.366,35;20,00;4,00;2,00;0;59;2.601;33.301;114.393;7;14;20;23;27;28;29;3;;;;;;;;;;;
159;159;2019-06-04;SÃO PAULO, SP;700.000,00;727.243,48;1.564,19;20,00;4,00;2,00;1;110;3.207;37.916;157.737;1;10;14;17;23;28;31;10;;;;;;;;;;;
160;160;2019-06-06;SÃO PAULO, SP;250.000,00;350.784,66;1.405,02;20,00;4,00;2,00;1;107;3.728;42.095;106.377;4;8;9;12;13;25;30;11;;;;;;;;;;;
161;161;2019-06-08;SÃO PAULO, SP;300.000,00;0,00;2.076,25;20,00;4,00;2,00;0;74;2.644;33.942;93.520;2;3;5;14;15;20;25;12;;;;;;;;;;;
162;162;2019-06-11;SÃO PAULO, SP;800.000,00;0,00;4.497,60;20,00;4,00;2,00;0;42;2.649;32.275;96.840;6;10;11;14;20;24;25;7;;;;;;;;;;;
163;163;2019-06-13;SÃO PAULO, SP;1.200.000,00;0,00;1.859,78;20,00;4,00;2,00;0;101;3.835;45.624;114.233;7;10;16;18;24;25;27;12;;;;;;;;;;;
164;164;2019-06-15;SÃO PAULO, SP;1.800.000,00;0,00;1.756,27;20,00;4,00;2,00;0;106;3.929;49.210;185.531;7;10;12;13;17;21;22;9;;;;;;;;;;;
165;165;2019-06-18;SÃO PAULO, SP;2.100.000,00;0,00;1.718,04;20,00;4,00;2,00;0;137;5.196;64.433;184.328;4;5;7;8;11;19;24;2;;;;;;;;;;;
166;166;2019-06-22;SÃO PAULO, SP;2.700.000,00;2.861.789,87;2.064,41;20,00;4,00;2,00;1;133;5.237;66.333;244.612;6;7;11;19;22;23;25;9;;;;;;;;;;;
167;167;2019-06-25;SÃO PAULO, SP;300.000,00;0,00;3.356,34;20,00;4,00;2,00;0;45;2.455;31.723;112.323;10;11;12;13;15;20;26;8;;;;;;;;;;;
168;168;2019-06-27;SÃO PAULO, SP;700.000,00;0,00;2.797,55;20,00;4,00;2,00;0;65;2.505;34.351;135.698;1;3;4;20;23;25;26;3;;;;;;;;;;;
169;169;2019-06-29;SÃO PAULO, SP;1.000.000,00;0,00;1.096,00;20,00;4,00;2,00;0;236;3.587;42.577;160.691;9;11;14;18;24;26;29;10;;;;;;;;;;;
170;170;2019-07-02;SÃO PAULO, SP;1.500.000,00;0,00;2.194,87;20,00;4,00;2,00;0;108;3.784;42.875;145.604;1;9;10;11;15;20;21;6;;;;;;;;;;;
171;171;2019-07-04;SÃO PAULO, SP;2.200.000,00;1.142.114,33;1.356,98;20,00;4,00;2,00;2;240;6.350;67.103;177.074;3;7;11;18;20;23;29;12;;;;;;;;;;;
172;172;2019-07-06;SÃO PAULO, SP;350.000,00;0,00;1.660,07;20,00;4,00;2,00;0;96;3.236;38.949;139.272;3;6;10;21;25;27;30;10;;;;;;;;;;;
173;173;2019-07-09;SÃO PAULO, SP;700.000,00;0,00;1.631,91;20,00;4,00;2,00;0;129;4.261;44.768;114.394;2;7;11;13;25;27;28;4;;;;;;;;;;;
174;174;2019-07-11;SÃO PAULO, SP;1.100.000,00;562.507,68;1.716,44;20,00;4,00;2,00;2;146;5.091;58.018;136.088;3;5;6;7;17;19;25;2;;;;;;;;;;;
175;175;2019-07-13;SÃO PAULO, SP;350.000,00;131.342,20;3.311,15;20,00;4,00;2,00;3;51;2.068;29.755;101.721;4;6;7;17;21;26;31;12;;;;;;;;;;;
176;176;2019-07-16;SÃO PAULO, SP;300.000,00;0,00;2.142,12;20,00;4,00;2,00;0;73;3.305;41.777;91.906;3;4;6;9;10;18;29;6;;;;;;;;;;;
177;177;2019-07-18;SÃO PAULO, SP;700.000,00;0,00;1.872,47;20,00;4,00;2,00;0;86;3.074;41.734;141.570;3;11;17;18;24;25;28;10;;;;;;;;;;;
178;178;2019-07-20;SÃO PAULO, SP;1.100.000,00;0,00;2.493,22;20,00;4,00;2,00;0;68;2.992;43.186;178.472;2;3;4;9;12;23;24;9;;;;;;;;;;;
179;179;2019-07-23;SÃO PAULO, SP;1.500.000,00;1.617.504,98;2.678,83;20,00;4,00;2,00;1;77;3.177;45.038;173.121;3;4;5;11;21;24;30;10;;;;;;;;;;;
180;180;2019-07-25;SÃO PAULO, SP;350.000,00;0,00;2.372,75;20,00;4,00;2,00;0;62;2.636;32.009;106.702;5;13;20;21;23;25;30;11;;;;;;;;;;;
181;181;2019-07-27;SÃO PAULO, SP;700.000,00;0,00;1.744,13;20,00;4,00;2,00;0;127;3.693;41.765;130.891;6;8;10;15;17;26;28;8;;;;;;;;;;;
182;182;2019-07-30;SÃO PAULO, SP;1.100.000,00;0,00;2.025,66;20,00;4,00;2,00;0;91;3.589;45.007;162.863;2;3;7;15;22;26;31;10;;;;;;;;;;;
183;183;2019-08-01;SÃO PAULO, SP;1.500.000,00;1.653.093,60;1.596,91;20,00;4,00;2,00;1;139;4.480;55.851;154.160;5;7;16;17;21;24;27;11;;;;;;;;;;;
184;184;2019-08-03;SÃO PAULO, SP;350.000,00;0,00;2.096,37;20,00;4,00;2,00;0;72;2.605;32.820;127.244;6;9;10;14;16;17;22;8;;;;;;;;;;;
185;185;2019-08-06;SÃO PAULO, SP;700.000,00;0,00;2.157,15;20,00;4,00;2,00;0;83;3.699;42.693;95.822;7;11;18;21;24;28;29;6;;;;;;;;;;;
186;186;2019-08-08;SÃO PAULO, SP;1.200.000,00;1.184.393,93;1.794,10;20,00;4,00;2,00;1;99;3.673;48.770;198.138;6;15;17;22;23;26;27;9;;;;;;;;;;;
187;187;2019-08-10;SÃO PAULO, SP;300.000,00;145.273,65;1.178,05;20,00;4,00;2,00;2;151;4.865;40.213;137.162;1;3;6;15;17;23;26;10;;;;;;;;;;;
188;188;2019-08-13;SÃO PAULO, SP;300.000,00;0,00;2.495,34;20,00;4,00;2,00;0;64;2.639;35.031;106.279;8;12;21;23;24;26;28;5;;;;;;;;;;;
189;189;2019-08-15;SÃO PAULO, SP;700.000,00;363.088,70;1.424,03;20,00;4,00;2,00;2;152;4.226;45.875;116.243;2;7;13;16;18;20;29;11;;;;;;;;;;;
190;190;2019-08-17;SÃO PAULO, SP;300.000,00;356.485,50;1.933,92;20,00;4,00;2,00;1;79;2.645;36.776;83.880;3;4;5;6;14;16;27;7;;;;;;;;;;;
191;191;2019-08-20;SÃO PAULO, SP;350.000,00;298.540,43;1.909,64;20,00;4,00;2,00;1;67;2.616;34.973;129.521;3;4;11;24;26;28;29;10;;;;;;;;;;;
192;192;2019-08-22;SÃO PAULO, SP;300.000,00;0,00;3.656,65;20,00;4,00;2,00;0;41;1.659;24.700;96.344;4;11;14;15;18;28;31;12;;;;;;;;;;;
193;193;2019-08-24;SÃO PAULO, SP;600.000,00;0,00;2.057,75;20,00;4,00;2,00;0;76;2.505;32.205;79.410;12;13;16;25;28;30;31;7;;;;;;;;;;;
194;194;2019-08-27;SÃO PAULO, SP;1.000.000,00;1.051.957,53;1.200,39;20,00;4,00;2,00;1;172;4.423;48.535;101.268;3;4;7;9;15;21;23;1;;;;;;;;;;;
195;195;2019-08-29;São Paulo, SP;350.000,00;0,00;1.899,43;20,00;4,00;2,00;0;68;2.304;29.765;87.970;2;3;5;14;15;22;23;2;;;;;;;;;;;
196;196;2019-08-31;SÃO PAULO, SP;600.000,00;0,00;2.566,05;20,00;4,00;2,00;0;53;2.171;29.465;118.089;4;13;14;22;26;29;30;8;;;;;;;;;;;
197;197;2019-09-03;SÃO PAULO, SP;1.000.000,00;990.900,83;4.691,47;20,00;4,00;2,00;1;34;2.277;32.854;111.859;1;2;4;11;17;18;28;4;;;;;;;;;;;
198;198;2019-09-05;SÃO PAULO, SP;300.000,00;0,00;2.152,41;20,00;4,00;2,00;0;64;2.382;28.965;79.210;1;2;9;10;16;23;28;1;;;;;;;;;;;
199;199;2019-09-10;SÃO PAULO, SP;700.000,00;0,00;3.114,20;20,00;4,00;2,00;0;68;2.904;37.117;104.568;2;15;20;21;22;23;24;7;;;;;;;;;;;
200;200;2019-09-12;SÃO PAULO, SP;1.200.000,00;0,00;2.196,77;20,00;4,00;2,00;0;87;3.131;40.975;120.727;10;12;13;17;21;23;27;2;;;;;;;;;;;
201;201;2019-09-14;SÃO PAULO, SP;1.600.000,00;0,00;1.798,51;20,00;4,00;2,00;0;145;4.887;50.248;101.524;2;7;9;13;14;16;29;6;;;;;;;;;;;
202;202;2019-09-17;SÃO PAULO, SP;2.000.000,00;0,00;2.634,57;20,00;4,00;2,00;0;66;3.330;45.552;213.295;5;6;7;11;21;26;29;9;;;;;;;;;;;
203;203;2019-09-19;SÃO PAULO, SP;2.500.000,00;0,00;1.479,03;20,00;4,00;2,00;0;142;4.725;58.291;149.509;2;3;7;10;15;17;20;12;;;;;;;;;;;
204;204;2019-09-21;SÃO PAULO, SP;3.000.000,00;0,00;3.219,89;20,00;4,00;2,00;0;81;2.931;41.412;131.570;2;11;20;21;27;28;31;6;;;;;;;;;;;
205;205;2019-09-24;SÃO PAULO, SP;3.600.000,00;3.770.060,27;1.835,83;20,00;4,00;2,00;1;135;5.240;64.235;174.155;5;6;9;17;19;20;23;5;;;;;;;;;;;
206;206;2019-09-26;SÃO PAULO, SP;350.000,00;0,00;2.214,20;20,00;4,00;2,00;0;64;2.351;32.245;89.352;13;16;21;23;24;27;28;12;;;;;;;;;;;
207;207;2019-09-28;SÃO PAULO, SP;700.000,00;712.551,84;1.528,20;20,00;4,00;2,00;1;153;4.146;41.652;89.108;1;5;8;10;12;25;28;7;;;;;;;;;;;
208;208;2019-10-01;SÃO PAULO, SP;350.000,00;0,00;1.990,37;20,00;4,00;2,00;0;66;2.497;34.042;160.923;2;4;17;21;28;29;31;Outubro;;;;;;;;;;;
209;209;2019-10-03;SÃO PAULO, SP;600.000,00;0,00;1.783,04;20,00;4,00;2,00;0;120;4.246;46.649;122.637;5;7;14;17;19;23;29;Agosto;;;;;;;;;;;
210;210;2019-10-05;SÃO PAULO, SP;1.000.000,00;0,00;1.865,68;20,00;4,00;2,00;0;93;3.857;49.343;120.334;7;10;18;19;20;23;27;Dezembro;;;;;;;;;;;
211;211;2019-10-08;SÃO PAULO, SP;1.400.000,00;0,00;1.808,80;20,00;4,00;2,00;0;111;3.948;47.962;135.540;1;5;13;24;26;27;29;Maio;;;;;;;;;;;
212;212;2019-10-10;SÃO PAULO, SP;2.000.000,00;1.970.850,61;1.478,33;20,00;4,00;2,00;1;128;3.698;47.803;206.895;5;11;14;17;18;26;30;Outubro;;;;;;;;;;;
213;213;2019-10-15;SÃO PAULO, SP;350.000,00;0,00;2.215,63;20,00;4,00;2,00;0;73;3.023;38.181;168.746;6;9;10;18;21;24;26;Setembro;;;;;;;;;;;
214;214;2019-10-17;SÃO PAULO, SP;700.000,00;0,00;2.038,30;20,00;4,00;2,00;0;79;3.266;39.445;105.122;2;9;11;13;21;28;29;Maio;;;;;;;;;;;
215;215;2019-10-19;SÃO PAULO, SP;1.100.000,00;1.147.250,35;1.527,23;20,00;4,00;2,00;1;158;4.527;49.375;99.154;4;7;11;13;15;18;25;Junho;;;;;;;;;;;
216;216;2019-10-22;SÃO PAULO, SP;350.000,00;0,00;1.505,31;20,00;4,00;2,00;0;88;2.668;34.185;98.432;5;8;9;14;25;28;30;Agosto;;;;;;;;;;;
217;217;2019-10-24;SÃO PAULO, SP;700.000,00;0,00;3.042,10;20,00;4,00;2,00;0;43;2.116;30.356;130.673;2;6;16;17;18;20;26;Setembro;;;;;;;;;;;
218;218;2019-10-26;SÃO PAULO, SP;900.000,00;0,00;2.344,05;20,00;4,00;2,00;0;62;2.627;34.966;137.694;2;3;11;12;17;18;21;Setembro;;;;;;;;;;;
219;219;2019-10-29;SÃO PAULO, SP;1.300.000,00;0,00;1.634,29;20,00;4,00;2,00;0;96;3.862;44.043;132.484;3;6;10;16;17;25;28;Março;;;;;;;;;;;
220;220;2019-10-31;SÃO PAULO, SP;1.700.000,00;878.215,74;2.057,77;20,00;4,00;2,00;2;91;3.343;41.935;123.282;2;4;9;17;19;25;31;Fevereiro;;;;;;;;;;;
221;221;2019-11-05;SÃO PAULO, SP;400.000,00;193.066,20;1.818,52;20,00;4,00;2,00;2;130;4.075;47.759;120.806;3;6;7;9;15;27;31;Dezembro;;;;;;;;;;;
222;222;2019-11-07;SÃO PAULO, SP;350.000,00;0,00;1.898,78;20,00;4,00;2,00;0;73;3.082;38.453;100.848;3;12;13;16;18;19;27;Abril;;;;;;;;;;;
223;223;2019-11-09;SÃO PAULO, SP;700.000,00;0,00;2.142,74;20,00;4,00;2,00;0;68;2.834;35.775;98.107;3;4;10;11;14;19;28;Dezembro;;;;;;;;;;;
224;224;2019-11-12;SÃO PAULO, SP;1.000.000,00;1.019.641,47;1.744,82;20,00;4,00;2,00;1;125;3.387;37.566;114.767;1;6;8;14;17;19;23;Março;;;;;;;;;;;
225;225;2019-11-14;SÃO PAULO, SP;300.000,00;0,00;1.815,42;20,00;4,00;2,00;0;78;1.970;27.510;90.851;1;7;12;14;22;24;26;Abril;;;;;;;;;;;
226;226;2019-11-16;SÃO PAULO, SP;600.000,00;0,00;1.719,11;20,00;4,00;2,00;0;60;1.965;22.952;66.955;1;4;8;12;22;24;28;Fevereiro;;;;;;;;;;;
227;227;2019-11-19;SÃO PAULO, SP;800.000,00;0,00;2.472,05;20,00;4,00;2,00;0;64;2.537;33.355;82.283;2;11;12;15;17;20;25;Junho;;;;;;;;;;;
228;228;2019-11-21;SÃO PAULO, SP;1.300.000,00;1.321.184,74;2.066,60;20,00;4,00;2,00;1;79;2.560;34.415;122.969;4;10;14;18;21;22;23;Dezembro;;;;;;;;;;;
229;229;2019-11-23;SÃO PAULO, SP;350.000,00;311.479,54;1.466,94;20,00;4,00;2,00;1;91;2.648;30.908;69.849;9;13;15;21;25;27;30;Junho;;;;;;;;;;;
230;230;2019-11-26;SÃO PAULO, SP;300.000,00;284.160,99;1.308,09;20,00;4,00;2,00;1;133;3.643;36.261;86.675;5;8;12;18;24;27;29;Maio;;;;;;;;;;;
231;231;2019-11-28;SÃO PAULO, SP;350.000,00;0,00;1.808,03;20,00;4,00;2,00;0;73;2.058;28.617;85.993;4;10;12;13;14;24;26;Fevereiro;;;;;;;;;;;
232;232;2019-11-30;SÃO PAULO, SP;600.000,00;0,00;1.797,38;20,00;4,00;2,00;0;76;2.197;28.405;119.611;4;5;6;12;15;16;26;Novembro;;;;;;;;;;;
233;233;2019-12-03;SÃO PAULO, SP;1.000.000,00;329.116,44;1.756,40;20,00;4,00;2,00;3;88;3.954;46.997;143.027;3;6;7;16;22;23;28;Dezembro;;;;;;;;;;;
234;234;2019-12-05;SÃO PAULO, SP;300.000,00;0,00;1.558,42;20,00;4,00;2,00;0;115;3.752;40.039;111.472;4;5;13;17;23;24;29;Dezembro;;;;;;;;;;;
235;235;2019-12-07;SÃO PAULO, SP;600.000,00;0,00;1.942,65;20,00;4,00;2,00;0;78;2.717;36.828;108.275;13;17;18;19;22;27;29;Agosto;;;;;;;;;;;
236;236;2019-12-10;SÃO PAULO, SP;1.000.000,00;1.026.043,70;2.034,41;20,00;4,00;2,00;1;80;3.592;41.850;113.112;4;5;6;9;11;19;23;Abril;;;;;;;;;;;
237;237;2019-12-12;SÃO PAULO, SP;300.000,00;334.008,12;2.346,66;20,00;4,00;2,00;1;61;2.608;32.001;95.831;3;6;14;18;19;29;31;Agosto;;;;;;;;;;;
238;238;2019-12-14;SÃO PAULO, SP;300.000,00;0,00;3.059,12;20,00;4,00;2,00;0;46;2.114;28.547;93.423;1;2;10;19;24;26;28;Agosto;;;;;;;;;;;
239;239;2019-12-17;SÃO PAULO, SP;700.000,00;326.688,02;1.514,12;20,00;4,00;2,00;2;92;3.363;40.220;98.603;5;13;15;23;27;29;30;Agosto;;;;;;;;;;;
240;240;2019-12-19;SÃO PAULO, SP;350.000,00;0,00;1.552,24;20,00;4,00;2,00;0;106;3.199;32.972;121.190;1;4;8;13;19;22;25;Outubro;;;;;;;;;;;
241;241;2019-12-21;SÃO PAULO, SP;600.000,00;0,00;2.612,08;20,00;4,00;2,00;0;58;2.302;32.002;81.614;3;5;6;12;20;23;31;Julho;;;;;;;;;;;
242;242;2019-12-24;SÃO PAULO, SP;900.000,00;0,00;2.127,64;20,00;4,00;2,00;0;61;2.839;37.038;91.131;2;3;5;9;16;19;25;Fevereiro;;;;;;;;;;;
243;243;2019-12-26;SÃO PAULO, SP;1.100.000,00;0,00;1.535,34;20,00;4,00;2,00;0;82;2.921;34.114;83.461;2;4;8;13;14;17;22;Fevereiro;;;;;;;;;;;
244;244;2019-12-28;SÃO PAULO, SP;1.500.000,00;0,00;1.356,70;20,00;4,00;2,00;0;110;2.335;33.571;144.343;1;6;12;13;15;16;29;Dezembro;;;;;;;;;;;
245;245;2019-12-30;SÃO PAULO, SP;1.800.000,00;0,00;2.182,06;20,00;4,00;2,00;0;51;1.811;22.609;70.672;1;5;7;14;21;30;31;Maio;;;;;;;;;;;
246;246;2020-01-02;SÃO PAULO, SP;2.100.000,00;0,00;2.316,96;20,00;4,00;2,00;0;83;3.004;40.409;112.701;9;10;14;16;18;19;24;Maio;;;;;;;;;;;
247;247;2020-01-04;SÃO PAULO, SP;2.600.000,00;2.793.140,47;1.853,54;20,00;4,00;2,00;1;171;5.351;59.728;172.904;2;9;10;12;17;25;28;Agosto;;;;;;;;;;;
248;248;2020-01-07;SÃO PAULO, SP;300.000,00;0,00;1.578,68;20,00;4,00;2,00;0;95;3.428;38.598;82.847;2;5;14;16;17;18;22;Junho;;;;;;;;;;;
249;249;2020-01-09;SÃO PAULO, SP;700.000,00;690.105,85;1.679,55;20,00;4,00;2,00;1;124;3.525;39.762;157.547;3;8;12;20;21;27;29;Setembro;;;;;;;;;;;
250;250;2020-01-11;SÃO PAULO, SP;300.000,00;332.307,29;2.034,53;20,00;4,00;2,00;1;70;2.496;31.176;103.971;1;5;10;14;15;29;30;Dezembro;;;;;;;;;;;
251;251;2020-01-14;SÃO PAULO, SP;300.000,00;109.615,97;1.854,41;20,00;4,00;2,00;3;76;2.297;29.211;108.372;5;11;14;18;20;27;31;Março;;;;;;;;;;;
252;252;2020-01-16;SÃO PAULO, SP;300.000,00;154.788,08;1.876,59;20,00;4,00;2,00;2;101;3.198;33.861;97.055;4;9;12;19;25;28;31;Dezembro;;;;;;;;;;;
253;253;2020-01-18;SÃO PAULO, SP;350.000,00;309.779,10;2.074,41;20,00;4,00;2,00;1;64;2.788;35.210;94.162;4;12;14;19;23;28;29;Abril;;;;;;;;;;;
254;254;2020-01-21;SÃO PAULO, SP;350.000,00;0,00;2.831,54;20,00;4,00;2,00;0;50;1.793;25.147;100.515;18;20;21;22;25;27;31;Fevereiro;;;;;;;;;;;
255;255;2020-01-23;SÃO PAULO, SP;650.000,00;717.917,12;3.134,00;20,00;4,00;2,00;1;53;2.571;34.412;85.226;3;11;23;24;25;28;30;Julho;;;;;;;;;;;
256;256;2020-01-25;SÃO PAULO, SP;200.000,00;293.932,34;1.615,02;20,00;4,00;2,00;1;78;2.411;27.412;90.782;1;5;12;16;27;30;31;Dezembro;;;;;;;;;;;
257;257;2020-01-28;SÃO PAULO, SP;350.000,00;147.161,00;1.079,02;20,00;4,00;2,00;2;167;3.490;35.981;88.746;5;12;17;19;21;24;28;Maio;;;;;;;;;;;
258;258;2020-01-30;SÃO PAULO, SP;300.000,00;330.150,28;3.144,29;20,00;4,00;2,00;1;45;2.180;29.283;69.237;1;2;3;9;13;24;30;Julho;;;;;;;;;;;
259;259;2020-02-01;SÃO PAULO, SP;300.000,00;136.328,69;1.645,82;20,00;4,00;2,00;2;71;2.833;30.997;117.862;6;9;10;13;21;26;29;Setembro;;;;;;;;;;;
260;260;2020-02-04;SÃO PAULO, SP;300.000,00;0,00;1.714,83;20,00;4,00;2,00;0;81;3.063;32.458;75.447;5;8;10;12;18;24;31;Junho;;;;;;;;;;;
261;261;2020-02-06;SÃO PAULO, SP;700.000,00;716.287,72;2.271,34;20,00;4,00;2,00;1;74;2.789;36.068;113.338;5;8;9;18;23;26;31;Abril;;;;;;;;;;;
262;262;2020-02-08;SÃO PAULO, SP;350.000,00;0,00;1.827,70;20,00;4,00;2,00;0;80;2.550;32.186;75.432;4;5;17;18;20;27;28;Junho;;;;;;;;;;;
263;263;2020-02-11;SÃO PAULO, SP;700.000,00;0,00;2.339,13;20,00;4,00;2,00;0;66;2.662;35.344;115.207;9;18;19;21;23;27;30;Dezembro;;;;;;;;;;;
264;264;2020-02-13;SÃO PAULO, SP;1.000.000,00;0,00;3.268,51;20,00;4,00;2,00;0;58;2.591;35.466;125.792;13;15;22;23;25;30;31;Dezembro;;;;;;;;;;;
265;265;2020-02-15;SÃO PAULO, SP;1.500.000,00;788.775,40;1.536,54;20,00;4,00;2,00;2;121;3.523;44.193;123.956;2;3;14;16;17;20;27;Novembro;;;;;;;;;;;
266;266;2020-02-18;SÃO PAULO, SP;300.000,00;302.796,63;1.598,15;20,00;4,00;2,00;1;116;2.926;30.016;97.192;1;3;10;14;17;30;31;Dezembro;;;;;;;;;;;
267;267;2020-02-20;SÃO PAULO, SP;350.000,00;0,00;2.585,50;20,00;4,00;2,00;0;49;2.363;27.891;112.519;1;2;6;9;13;20;30;Outubro;;;;;;;;;;;
268;268;2020-02-22;SÃO PAULO, SP;600.000,00;589.851,20;1.699,51;20,00;4,00;2,00;1;106;3.424;34.156;111.496;2;3;14;16;17;21;29;Março;;;;;;;;;;;
269;269;2020-02-26;SÃO PAULO, SP;200.000,00;0,00;4.075,68;20,00;4,00;2,00;0;19;999;13.773;41.056;1;4;6;9;26;27;31;Junho;;;;;;;;;;;
270;270;2020-02-27;SÃO PAULO, SP;300.000,00;189.833,26;1.765,55;20,00;4,00;2,00;2;69;1.505;19.638;67.817;1;2;3;4;24;27;28;Março;;;;;;;;;;;
271;271;2020-02-29;SÃO PAULO, SP;350.000,00;0,00;2.207,27;20,00;4,00;2,00;0;66;2.365;30.331;72.018;7;15;17;20;21;24;29;Julho;;;;;;;;;;;
272;272;2020-03-03;SÃO PAULO, SP;650.000,00;0,00;2.007,28;20,00;4,00;2,00;0;77;2.967;37.768;118.403;3;5;6;10;12;16;21;Fevereiro;;;;;;;;;;;
273;273;2020-03-05;SÃO PAULO, SP;1.000.000,00;0,00;2.955,70;20,00;4,00;2,00;0;64;2.960;40.115;120.821;3;11;12;19;20;26;28;Novembro;;;;;;;;;;;
274;274;2020-03-07;SÃO PAULO, SP;1.500.000,00;516.223,94;1.705,60;20,00;4,00;2,00;3;146;4.252;45.962;172.940;2;3;4;6;8;10;30;Março;;;;;;;;;;;
275;275;2020-03-10;SÃO PAULO, SP;300.000,00;0,00;1.939,35;20,00;4,00;2,00;0;70;3.078;35.718;87.955;7;10;12;14;24;27;28;Novembro;;;;;;;;;;;
276;276;2020-03-12;SÃO PAULO, SP;700.000,00;0,00;1.890,76;20,00;4,00;2,00;0;77;2.943;37.249;110.103;4;5;15;16;18;27;30;Agosto;;;;;;;;;;;
277;277;2020-03-14;SÃO PAULO, SP;1.000.000,00;0,00;2.580,76;20,00;4,00;2,00;0;68;2.382;34.304;116.429;2;3;10;13;21;22;31;Agosto;;;;;;;;;;;
278;278;2020-03-17;SÃO PAULO, SP;1.500.000,00;0,00;1.835,50;20,00;4,00;2,00;0;97;3.514;42.217;167.849;5;8;13;21;22;24;26;Setembro;;;;;;;;;;;
279;279;2020-03-19;SÃO PAULO, SP;1.900.000,00;0,00;1.494,15;20,00;4,00;2,00;0;164;4.873;54.305;122.281;3;7;10;13;24;25;28;Novembro;;;;;;;;;;;
280;280;2020-03-21;SÃO PAULO, SP;2.000.000,00;550.806,65;848,72;20,00;4,00;2,00;4;232;5.975;46.553;87.972;2;3;10;13;17;24;28;Junho;;;;;;;;;;;
281;281;2020-03-24;SÃO PAULO, SP;100.000,00;155.162,86;3.911,67;20,00;4,00;2,00;1;17;1.031;14.020;43.607;5;7;9;14;24;26;31;Maio;;;;;;;;;;;
282;282;2020-03-26;SÃO PAULO, SP;100.000,00;0,00;1.778,63;20,00;4,00;2,00;0;39;860;12.508;43.586;7;8;16;22;23;25;31;Novembro;;;;;;;;;;;
283;283;2020-03-28;SÃO PAULO, SP;300.000,00;351.866,98;2.908,34;20,00;4,00;2,00;1;28;1.274;17.065;52.455;2;8;17;20;21;22;24;Maio;;;;;;;;;;;
284;284;2020-03-31;SÃO PAULO, SP;100.000,00;0,00;1.972,28;20,00;4,00;2,00;0;40;1.656;20.538;60.353;1;3;4;5;18;22;25;Agosto;;;;;;;;;;;
285;285;2020-04-02;SÃO PAULO, SP;350.000,00;0,00;2.579,57;20,00;4,00;2,00;0;42;1.973;22.983;76.044;10;15;17;18;21;22;23;Agosto;;;;;;;;;;;
286;286;2020-04-04;SÃO PAULO, SP;650.000,00;722.112,14;1.880,67;20,00;4,00;2,00;1;65;2.515;29.992;83.610;4;5;19;23;28;29;30;Fevereiro;;;;;;;;;;;
287;287;2020-04-07;SÃO PAULO, SP;200.000,00;0,00;3.679,60;20,00;4,00;2,00;0;27;1.596;21.232;85.596;10;14;15;16;18;24;30;Outubro;;;;;;;;;;;
288;288;2020-04-09;SÃO PAULO, SP;400.000,00;521.105,15;2.339,28;20,00;4,00;2,00;1;53;1.919;25.764;73.310;7;11;16;21;23;28;30;Janeiro;;;;;;;;;;;
289;289;2020-04-11;SÃO PAULO, SP;100.000,00;0,00;1.714,86;20,00;4,00;2,00;0;42;1.264;15.610;48.216;2;4;14;17;19;21;30;Fevereiro;;;;;;;;;;;
290;290;2020-04-14;SÃO PAULO, SP;300.000,00;0,00;1.475,02;20,00;4,00;2,00;0;72;2.234;27.564;74.080;5;12;13;18;21;23;29;Fevereiro;;;;;;;;;;;
291;291;2020-04-16;SÃO PAULO, SP;700.000,00;0,00;1.410,53;20,00;4,00;2,00;0;111;3.157;36.549;82.257;2;3;5;7;10;17;20;Novembro;;;;;;;;;;;
292;292;2020-04-18;SÃO PAULO, SP;900.000,00;0,00;2.195,27;20,00;4,00;2,00;0;63;2.170;29.895;87.575;1;4;5;19;22;23;24;Novembro;;;;;;;;;;;
293;293;2020-04-20;SÃO PAULO, SP;1.200.000,00;1.157.577,22;861,79;20,00;4,00;2,00;1;116;2.705;22.508;52.581;3;7;13;20;25;27;28;Novembro;;;;;;;;;;;
294;294;2020-04-23;SÃO PAULO, SP;100.000,00;212.010,05;1.465,51;20,00;4,00;2,00;1;62;2.282;26.875;84.647;4;5;10;12;14;19;24;Outubro;;;;;;;;;;;
295;295;2020-04-25;SÃO PAULO, SP;100.000,00;0,00;2.096,76;20,00;4,00;2,00;0;43;1.719;22.427;63.703;1;4;5;9;10;22;30;Maio;;;;;;;;;;;
296;296;2020-04-28;SÃO PAULO, SP;400.000,00;0,00;1.754,86;20,00;4,00;2,00;0;62;2.442;26.626;85.935;4;6;13;18;21;22;27;Março;;;;;;;;;;;
297;297;2020-04-30;SÃO PAULO, SP;700.000,00;0,00;2.880,22;20,00;4,00;2,00;0;45;2.107;27.445;107.236;10;13;14;15;20;23;29;Abril;;;;;;;;;;;
298;298;2020-05-02;SÃO PAULO, SP;1.000.000,00;0,00;1.681,03;20,00;4,00;2,00;0;68;2.173;26.588;64.509;3;4;8;9;16;24;31;Janeiro;;;;;;;;;;;
299;299;2020-05-05;SÃO PAULO, SP;1.300.000,00;0,00;2.458,85;20,00;4,00;2,00;0;65;2.812;36.794;120.265;3;14;15;17;20;21;22;Abril;;;;;;;;;;;
300;300;2020-05-07;SÃO PAULO, SP;1.700.000,00;0,00;2.537,15;20,00;4,00;2,00;0;78;2.479;36.399;129.369;10;15;16;17;24;25;31;Novembro;;;;;;;;;;;
301;301;2020-05-09;SÃO PAULO, SP;2.200.000,00;0,00;2.318,66;20,00;4,00;2,00;0;93;3.487;46.168;146.816;11;18;22;27;28;29;30;Novembro;;;;;;;;;;;
302;302;2020-05-12;SÃO PAULO, SP;2.800.000,00;2.922.719,80;1.937,33;20,00;4,00;2,00;1;122;4.314;51.866;125.871;1;4;7;10;15;25;31;Janeiro;;;;;;;;;;;
303;303;2020-05-14;SÃO PAULO, SP;200.000,00;125.833,64;1.634,20;20,00;4,00;2,00;2;66;2.435;28.533;79.930;5;13;15;16;18;25;30;Abril;;;;;;;;;;;
304;304;2020-05-16;SÃO PAULO, SP;200.000,00;0,00;3.369,60;20,00;4,00;2,00;0;37;1.541;21.084;63.110;1;2;16;23;24;25;30;Janeiro;;;;;;;;;;;
305;305;2020-05-19;SÃO PAULO, SP;600.000,00;0,00;2.970,08;20,00;4,00;2,00;0;44;2.200;29.479;94.957;4;8;9;10;20;25;28;Agosto;;;;;;;;;;;
306;306;2020-05-21;SÃO PAULO, SP;850.000,00;0,00;3.765,03;20,00;4,00;2,00;0;41;2.350;32.227;103.319;3;11;12;13;20;24;30;Fevereiro;;;;;;;;;;;
307;307;2020-05-23;SÃO PAULO, SP;1.200.000,00;0,00;2.041,68;20,00;4,00;2,00;0;86;3.400;41.229;97.029;4;8;14;15;16;24;27;Janeiro;;;;;;;;;;;
308;308;2020-05-26;SÃO PAULO, SP;1.700.000,00;0,00;2.980,92;20,00;4,00;2,00;0;63;2.774;34.942;99.503;10;11;16;20;21;23;28;Janeiro;;;;;;;;;;;
309;309;2020-05-28;SÃO PAULO, SP;2.100.000,00;0,00;1.666,80;20,00;4,00;2,00;0;122;4.037;49.715;124.202;2;5;10;11;12;18;19;Junho;;;;;;;;;;;
310;310;2020-05-30;SÃO PAULO, SP;2.600.000,00;0,00;1.475,72;20,00;4,00;2,00;0;151;4.637;54.010;158.626;6;7;9;10;13;14;21;Abril;;;;;;;;;;;
311;311;2020-06-02;SÃO PAULO, SP;3.200.000,00;1.734.937,75;1.998,60;20,00;4,00;2,00;2;144;5.131;63.736;190.024;1;3;9;16;17;21;22;Abril;;;;;;;;;;;
312;312;2020-06-04;SÃO PAULO, SP;300.000,00;0,00;1.828,03;20,00;4,00;2,00;0;72;2.278;28.571;92.201;2;9;15;22;24;29;30;Abril;;;;;;;;;;;
313;313;2020-06-06;SÃO PAULO, SP;600.000,00;627.093,47;1.780,99;20,00;4,00;2,00;1;77;2.967;34.019;118.906;9;12;16;19;24;28;29;Outubro;;;;;;;;;;;
314;314;2020-06-09;SÃO PAULO, SP;350.000,00;0,00;2.579,54;20,00;4,00;2,00;0;55;1.837;25.920;96.075;1;7;9;11;22;25;26;Novembro;;;;;;;;;;;
315;315;2020-06-12;SÃO PAULO, SP;700.000,00;0,00;3.110,10;20,00;4,00;2,00;0;46;1.883;26.008;75.571;9;10;19;22;26;27;28;Julho;;;;;;;;;;;
316;316;2020-06-13;SÃO PAULO, SP;900.000,00;0,00;2.128,35;20,00;4,00;2,00;0;53;1.853;23.945;75.143;1;10;13;14;16;22;30;Novembro;;;;;;;;;;;
317;317;2020-06-16;SÃO PAULO, SP;1.200.000,00;1.333.246,37;2.019,19;20,00;4,00;2,00;1;86;3.204;39.898;117.383;5;7;8;14;15;22;28;Fevereiro;;;;;;;;;;;
318;318;2020-06-18;SÃO PAULO, SP;300.000,00;0,00;2.223,04;20,00;4,00;2,00;0;57;1.915;25.777;90.647;6;11;14;16;18;28;30;Dezembro;;;;;;;;;;;
319;319;2020-06-20;SÃO PAULO, SP;600.000,00;610.950,18;1.484,86;20,00;4,00;2,00;1;91;3.534;39.888;104.074;3;10;14;17;28;29;30;Dezembro;;;;;;;;;;;
320;320;2020-06-23;SÃO PAULO, SP;300.000,00;147.013,54;1.551,86;20,00;4,00;2,00;2;116;3.082;34.836;95.974;4;9;12;13;15;26;27;Novembro;;;;;;;;;;;
321;321;2020-06-25;SÃO PAULO, SP;200.000,00;301.188,25;2.581,61;20,00;4,00;2,00;1;50;2.057;25.587;73.528;7;13;21;22;26;29;31;Janeiro;;;;;;;;;;;
322;322;2020-06-27;SÃO PAULO, SP;300.000,00;0,00;1.864,59;20,00;4,00;2,00;0;56;2.263;26.692;77.913;4;9;12;19;20;26;28;Abril;;;;;;;;;;;
323;323;2020-06-30;SÃO PAULO, SP;600.000,00;0,00;3.215,49;20,00;4,00;2,00;0;43;2.313;30.255;103.897;1;9;24;25;27;29;30;Agosto;;;;;;;;;;;
324;324;2020-07-02;SÃO PAULO, SP;800.000,00;924.594,11;1.513,02;20,00;4,00;2,00;1;145;3.904;40.357;108.896;3;6;14;18;24;27;30;Maio;;;;;;;;;;;
325;325;2020-07-04;SÃO PAULO, SP;300.000,00;0,00;2.633,26;20,00;4,00;2,00;0;53;2.040;26.845;84.066;7;8;19;20;21;24;26;Julho;;;;;;;;;;;
326;326;2020-07-07;SÃO PAULO, SP;600.000,00;0,00;2.259,36;20,00;4,00;2,00;0;65;2.739;33.325;108.100;1;10;15;16;22;24;29;Agosto;;;;;;;;;;;
327;327;2020-07-09;SÃO PAULO, SP;1.000.000,00;0,00;1.489,07;20,00;4,00;2,00;0;98;3.290;40.620;156.101;4;9;13;15;21;23;25;Setembro;;;;;;;;;;;
328;328;2020-07-11;SÃO PAULO, SP;1.400.000,00;1.428.508,72;1.746,29;20,00;4,00;2,00;1;103;3.160;38.962;125.332;11;14;17;20;23;25;27;Dezembro;;;;;;;;;;;
329;329;2020-07-14;SÃO PAULO, SP;350.000,00;0,00;2.069,31;20,00;4,00;2,00;0;58;2.277;29.721;95.947;2;6;9;17;18;19;22;Março;;;;;;;;;;;
330;330;2020-07-16;SÃO PAULO, SP;600.000,00;0,00;1.746,57;20,00;4,00;2,00;0;71;2.823;32.248;94.291;7;10;11;17;23;24;29;Março;;;;;;;;;;;
331;331;2020-07-18;SÃO PAULO, SP;800.000,00;909.501,39;1.429,03;20,00;4,00;2,00;1;102;2.811;34.127;107.311;7;8;23;26;29;30;31;Fevereiro;;;;;;;;;;;
332;332;2020-07-21;SÃO PAULO, SP;300.000,00;0,00;2.282,33;20,00;4,00;2,00;0;52;1.982;26.449;91.370;6;8;9;14;15;18;25;Agosto;;;;;;;;;;;
333;333;2020-07-23;SÃO PAULO, SP;500.000,00;0,00;1.461,58;20,00;4,00;2,00;0;82;2.885;33.246;96.380;5;10;13;16;18;20;22;Agosto;;;;;;;;;;;
334;334;2020-07-25;SÃO PAULO, SP;850.000,00;285.792,81;1.096,23;20,00;4,00;2,00;3;168;4.749;46.364;139.958;3;5;12;14;19;24;28;Outubro;;;;;;;;;;;
335;335;2020-07-28;SÃO PAULO, SP;300.000,00;0,00;2.017,12;20,00;4,00;2,00;0;61;2.415;30.944;92.085;1;3;5;10;13;14;26;Abril;;;;;;;;;;;
336;336;2020-07-30;SÃO PAULO, SP;600.000,00;300.193,17;1.342,65;20,00;4,00;2,00;2;100;3.056;32.976;98.729;4;8;11;13;23;26;28;Abril;;;;;;;;;;;
337;337;2020-08-01;SÃO PAULO, SP;250.000,00;0,00;2.762,88;20,00;4,00;2,00;0;48;1.858;25.664;93.375;1;6;7;20;21;27;30;Abril;;;;;;;;;;;
338;338;2020-08-04;SÃO PAULO, SP;600.000,00;0,00;2.728,17;20,00;4,00;2,00;0;54;2.791;35.111;86.925;3;8;10;11;14;23;24;Junho;;;;;;;;;;;
339;339;2020-08-06;SÃO PAULO, SP;900.000,00;0,00;2.794,15;20,00;4,00;2,00;0;59;2.838;36.757;94.687;1;5;9;10;23;24;25;Janeiro;;;;;;;;;;;
340;340;2020-08-08;SÃO PAULO, SP;1.400.000,00;0,00;2.191,75;20,00;4,00;2,00;0;90;4.163;48.229;112.484;4;7;16;17;20;27;28;Junho;;;;;;;;;;;
341;341;2020-08-11;SÃO PAULO, SP;1.900.000,00;1.915.774,54;1.420,58;20,00;4,00;2,00;1;126;4.359;52.718;180.734;1;5;8;10;11;13;27;Agosto;;;;;;;;;;;
342;342;2020-08-13;SÃO PAULO, SP;250.000,00;276.394,41;2.889,14;20,00;4,00;2,00;1;41;1.788;23.292;76.883;2;7;8;11;12;20;30;Fevereiro;;;;;;;;;;;
343;343;2020-08-15;SÃO PAULO, SP;250.000,00;0,00;2.665,23;20,00;4,00;2,00;0;44;1.670;22.284;87.507;1;7;11;25;26;29;31;Março;;;;;;;;;;;
344;344;2020-08-18;SÃO PAULO, SP;600.000,00;0,00;2.248,05;20,00;4,00;2,00;0;58;1.757;23.269;95.431;1;2;17;23;24;25;31;Abril;;;;;;;;;;;
345;345;2020-08-20;SÃO PAULO, SP;800.000,00;0,00;1.450,82;20,00;4,00;2,00;0;86;3.249;35.264;92.603;5;7;8;13;22;26;30;Maio;;;;;;;;;;;
346;346;2020-08-22;SÃO PAULO, SP;1.100.000,00;0,00;3.275,33;20,00;4,00;2,00;0;49;1.943;26.435;106.861;14;15;17;21;24;25;31;Abril;;;;;;;;;;;
347;347;2020-08-25;SÃO PAULO, SP;1.500.000,00;0,00;2.362,32;20,00;4,00;2,00;0;63;2.438;32.925;152.684;6;8;19;20;22;23;29;Setembro;;;;;;;;;;;
348;348;2020-08-27;SÃO PAULO, SP;1.900.000,00;2.021.829,64;2.368,62;20,00;4,00;2,00;1;78;3.196;40.967;100.475;2;10;18;19;24;26;27;Janeiro;;;;;;;;;;;
349;349;2020-08-29;SÃO PAULO, SP;300.000,00;237.434,50;2.035,16;20,00;4,00;2,00;1;50;2.064;27.174;92.392;2;10;17;25;26;28;29;Outubro;;;;;;;;;;;
350;350;2020-09-01;SÃO PAULO, SP;250.000,00;0,00;2.628,12;20,00;4,00;2,00;0;41;1.534;22.969;80.701;7;16;20;23;24;25;26;Novembro;;;;;;;;;;;
351;351;2020-09-03;SÃO PAULO, SP;400.000,00;0,00;3.050,97;20,00;4,00;2,00;0;40;2.040;25.974;66.465;4;8;9;11;18;19;26;Junho;;;;;;;;;;;
352;352;2020-09-05;SÃO PAULO, SP;800.000,00;0,00;2.946,41;20,00;4,00;2,00;0;45;2.144;28.055;108.014;5;11;12;15;18;22;26;Agosto;;;;;;;;;;;
353;353;2020-09-08;SÃO PAULO, SP;1.000.000,00;0,00;1.564,35;20,00;4,00;2,00;0;79;2.124;24.920;66.716;9;16;20;22;24;28;30;Julho;;;;;;;;;;;
354;354;2020-09-10;SÃO PAULO, SP;1.400.000,00;0,00;3.654,41;20,00;4,00;2,00;0;44;2.176;31.899;113.932;6;8;20;21;24;28;29;Dezembro;;;;;;;;;;;
355;355;2020-09-12;SÃO PAULO, SP;1.800.000,00;0,00;2.691,45;20,00;4,00;2,00;0;61;2.513;32.722;82.436;4;12;13;16;19;22;31;Julho;;;;;;;;;;;
356;356;2020-09-15;SÃO PAULO, SP;2.200.000,00;0,00;1.737,33;20,00;4,00;2,00;0;117;3.725;46.183;158.458;1;2;10;15;22;23;28;Março;;;;;;;;;;;
357;357;2020-09-17;SÃO PAULO, SP;2.700.000,00;2.828.731,53;1.478,44;20,00;4,00;2,00;1;134;4.327;54.370;229.311;3;4;6;11;23;24;26;Setembro;;;;;;;;;;;
358;358;2020-09-19;SÃO PAULO, SP;300.000,00;128.899,34;2.511,03;20,00;4,00;2,00;2;44;2.295;29.849;82.982;3;4;5;15;25;27;29;Fevereiro;;;;;;;;;;;
359;359;2020-09-22;SÃO PAULO, SP;250.000,00;0,00;1.681,79;20,00;4,00;2,00;0;64;1.880;22.837;71.576;6;9;14;20;21;22;25;Dezembro;;;;;;;;;;;
360;360;2020-09-24;SÃO PAULO, SP;500.000,00;0,00;1.394,54;20,00;4,00;2,00;0;73;2.265;28.438;98.803;10;11;13;19;25;27;30;Outubro;;;;;;;;;;;
361;361;2020-09-26;SÃO PAULO, SP;700.000,00;0,00;2.450,96;20,00;4,00;2,00;0;55;2.027;26.696;66.153;1;4;5;12;14;22;27;Julho;;;;;;;;;;;
362;362;2020-09-29;SÃO PAULO, SP;1.100.000,00;1.134.174,43;1.447,31;20,00;4,00;2,00;1;98;3.374;38.083;104.368;3;7;10;19;29;30;31;Maio;;;;;;;;;;;
363;363;2020-10-01;SÃO PAULO, SP;300.000,00;0,00;3.607,44;20,00;4,00;2,00;0;27;1.472;20.978;91.962;2;11;12;13;14;18;30;Outubro;;;;;;;;;;;
364;364;2020-10-03;SÃO PAULO, SP;400.000,00;0,00;1.062,26;20,00;4,00;2,00;0;143;3.612;34.357;68.915;3;6;7;12;15;23;28;Janeiro;;;;;;;;;;;
365;365;2020-10-06;SÃO PAULO, SP;700.000,00;0,00;2.448,09;20,00;4,00;2,00;0;51;1.848;23.679;66.449;6;11;14;15;17;19;21;Janeiro;;;;;;;;;;;
366;366;2020-10-08;SÃO PAULO, SP;1.000.000,00;1.083.940,07;2.228,84;20,00;4,00;2,00;1;61;2.242;29.369;99.334;17;19;23;25;26;29;31;Novembro;;;;;;;;;;;
367;367;2020-10-10;SÃO PAULO, SP;250.000,00;236.556,17;1.788,02;20,00;4,00;2,00;1;81;2.411;27.008;82.727;6;15;17;22;23;26;29;Março;;;;;;;;;;;
368;368;2020-10-13;SÃO PAULO, SP;200.000,00;0,00;2.451,82;20,00;4,00;2,00;0;35;1.518;16.758;45.486;12;20;21;22;24;26;28;Junho;;;;;;;;;;;
369;369;2020-10-15;SÃO PAULO, SP;500.000,00;433.127,31;2.434,44;20,00;4,00;2,00;1;41;1.860;23.397;105.019;10;15;16;17;19;21;30;Outubro;;;;;;;;;;;
370;370;2020-10-17;SÃO PAULO, SP;250.000,00;239.547,35;1.740,06;20,00;4,00;2,00;1;59;1.988;21.160;80.404;4;6;11;15;19;21;22;Agosto;;;;;;;;;;;
371;371;2020-10-20;SÃO PAULO, SP;200.000,00;0,00;1.946,03;20,00;4,00;2,00;0;44;1.682;20.127;82.270;3;11;12;16;24;29;31;Setembro;;;;;;;;;;;
372;372;2020-10-22;SÃO PAULO, SP;400.000,00;0,00;1.731,86;20,00;4,00;2,00;0;55;1.781;22.567;68.884;2;4;19;20;23;26;27;Dezembro;;;;;;;;;;;
373;373;2020-10-24;SÃO PAULO, SP;650.000,00;680.019,90;2.763,99;20,00;4,00;2,00;1;40;1.858;24.047;87.492;5;10;21;25;26;29;31;Abril;;;;;;;;;;;
374;374;2020-10-27;SÃO PAULO, SP;200.000,00;0,00;2.488,12;20,00;4,00;2,00;0;35;1.650;20.708;68.368;3;8;9;20;21;23;27;Março;;;;;;;;;;;
375;375;2020-10-29;SÃO PAULO, SP;400.000,00;0,00;2.405,51;20,00;4,00;2,00;0;42;1.589;21.626;68.017;4;8;9;13;20;23;30;Dezembro;;;;;;;;;;;
376;376;2020-10-31;SÃO PAULO, SP;700.000,00;0,00;1.788,41;20,00;4,00;2,00;0;60;2.254;28.042;83.143;7;9;10;13;20;22;25;Março;;;;;;;;;;;
377;377;2020-11-03;SÃO PAULO, SP;900.000,00;0,00;1.639,93;20,00;4,00;2,00;0;56;1.723;21.048;87.607;1;11;12;13;17;29;31;Outubro;;;;;;;;;;;
378;378;2020-11-05;SÃO PAULO, SP;1.100.000,00;0,00;1.421,66;20,00;4,00;2,00;0;93;2.475;31.899;98.634;11;13;18;21;23;25;27;Agosto;;;;;;;;;;;
379;379;2020-11-07;SÃO PAULO, SP;1.500.000,00;1.538.651,36;1.537,95;20,00;4,00;2,00;1;91;3.084;37.383;111.709;3;7;14;21;24;26;27;Março;;;;;;;;;;;
380;380;2020-11-10;SÃO PAULO, SP;200.000,00;0,00;2.055,26;20,00;4,00;2,00;0;50;1.719;22.061;54.138;5;15;17;22;26;28;31;Junho;;;;;;;;;;;
381;381;2020-11-12;SÃO PAULO, SP;500.000,00;0,00;1.948,41;20,00;4,00;2,00;0;52;1.846;23.290;75.203;14;15;16;17;22;24;29;Dezembro;;;;;;;;;;;
382;382;2020-11-14;SÃO PAULO, SP;700.000,00;754.442,55;1.806,85;20,00;4,00;2,00;1;66;2.399;29.536;64.575;10;13;17;20;22;26;28;Junho;;;;;;;;;;;
383;383;2020-11-17;SÃO PAULO, SP;250.000,00;0,00;1.589,62;20,00;4,00;2,00;0;55;1.763;19.395;69.834;2;9;11;16;22;24;30;Março;;;;;;;;;;;
384;384;2020-11-19;SÃO PAULO, SP;400.000,00;0,00;1.666,85;20,00;4,00;2,00;0;56;1.888;22.801;62.925;2;3;6;9;10;15;26;Maio;;;;;;;;;;;
385;385;2020-11-21;SÃO PAULO, SP;650.000,00;688.411,28;5.440,98;20,00;4,00;2,00;1;21;1.302;19.357;58.812;4;6;7;14;15;22;31;Junho;;;;;;;;;;;
386;386;2020-11-24;SÃO PAULO, SP;200.000,00;0,00;1.860,74;20,00;4,00;2,00;0;45;1.352;17.828;73.052;5;10;11;20;22;29;31;Setembro;;;;;;;;;;;
387;387;2020-11-26;SÃO PAULO, SP;400.000,00;0,00;2.163,98;20,00;4,00;2,00;0;46;1.718;20.666;49.426;2;6;15;18;21;22;23;Julho;;;;;;;;;;;
388;388;2020-11-28;SÃO PAULO, SP;600.000,00;653.074,06;1.327,09;20,00;4,00;2,00;1;104;2.962;28.728;81.872;2;4;7;9;15;22;26;Março;;;;;;;;;;;
389;389;2020-12-01;SÃO PAULO, SP;200.000,00;0,00;1.901,56;20,00;4,00;2,00;0;62;2.219;24.822;67.859;5;16;23;25;27;28;29;Agosto;;;;;;;;;;;
390;390;2020-12-03;SÃO PAULO, SP;400.000,00;420.528,83;1.809,24;20,00;4,00;2,00;1;54;1.614;21.647;71.336;1;12;17;25;26;28;29;Fevereiro;;;;;;;;;;;
391;391;2020-12-05;SÃO PAULO, SP;200.000,00;0,00;1.767,25;20,00;4,00;2,00;0;66;2.662;28.363;81.427;5;7;10;11;13;17;23;Setembro;;;;;;;;;;;
392;392;2020-12-08;SÃO PAULO, SP;400.000,00;0,00;1.347,57;20,00;4,00;2,00;0;61;2.107;24.363;78.590;3;4;10;18;22;24;28;Outubro;;;;;;;;;;;
393;393;2020-12-10;SÃO PAULO, SP;600.000,00;0,00;1.617,14;20,00;4,00;2,00;0;60;2.027;24.952;81.235;6;13;19;21;23;27;28;Março;;;;;;;;;;;
394;394;2020-12-12;SÃO PAULO, SP;800.000,00;0,00;2.513,34;20,00;4,00;2,00;0;48;1.876;25.087;78.515;1;2;5;8;15;24;25;Maio;;;;;;;;;;;
395;395;2020-12-15;SÃO PAULO, SP;1.100.000,00;0,00;2.203,14;20,00;4,00;2,00;0;58;1.905;24.159;97.442;8;14;16;21;25;30;31;Agosto;;;;;;;;;;;
396;396;2020-12-17;SÃO PAULO, SP;1.400.000,00;0,00;2.312,53;20,00;4,00;2,00;0;55;2.309;28.190;85.597;1;2;14;17;23;25;26;Agosto;;;;;;;;;;;
397;397;2020-12-19;SÃO PAULO, SP;1.700.000,00;0,00;1.484,66;20,00;4,00;2,00;0;91;3.026;33.759;103.867;7;8;9;10;12;14;30;Abril;;;;;;;;;;;
398;398;2020-12-22;SÃO PAULO, SP;2.000.000,00;0,00;1.582,03;20,00;4,00;2,00;0;103;3.105;35.120;115.213;2;3;7;10;20;30;31;Agosto;;;;;;;;;;;
399;399;2020-12-24;SÃO PAULO, SP;2.500.000,00;0,00;1.764,48;20,00;4,00;2,00;0;119;3.186;35.320;101.761;2;7;15;19;20;23;24;Abril;;;;;;;;;;;
400;400;2020-12-29;SÃO PAULO, SP;2.800.000,00;3.102.637,30;2.640,18;20,00;4,00;2,00;1;94;4.271;53.363;176.968;6;12;17;19;21;23;31;Novembro;;;;;;;;;;;
401;401;2020-12-31;SÃO PAULO, SP;200.000,00;0,00;2.499,77;20,00;4,00;2,00;0;28;1.390;19.721;63.996;3;4;6;7;10;24;31;Setembro;;;;;;;;;;;
402;402;2021-01-05;SÃO PAULO, SP;400.000,00;432.506,95;1.648,10;20,00;4,00;2,00;1;70;2.452;30.799;97.619;1;3;5;7;20;22;29;Março;;;;;;;;;;;
403;403;2021-01-07;SÃO PAULO, SP;200.000,00;207.744,80;2.023,49;20,00;4,00;2,00;1;44;1.518;20.606;65.751;4;9;11;25;26;29;30;Abril;;;;;;;;;;;
404;404;2021-01-09;SÃO PAULO, SP;200.000,00;0,00;1.985,42;20,00;4,00;2,00;0;47;1.603;19.939;61.828;1;2;9;14;16;25;29;Novembro;;;;;;;;;;;
405;405;2021-01-12;SÃO PAULO, SP;450.000,00;0,00;1.517,25;20,00;4,00;2,00;0;61;2.227;26.342;73.056;4;5;7;11;13;18;30;Dezembro;;;;;;;;;;;
406;406;2021-01-14;SÃO PAULO, SP;650.000,00;0,00;1.892,60;20,00;4,00;2,00;0;56;1.798;22.491;83.402;1;10;11;15;19;20;22;Agosto;;;;;;;;;;;
407;407;2021-01-16;SÃO PAULO, SP;900.000,00;947.540,30;1.705,02;20,00;4,00;2,00;1;67;2.123;27.653;86.218;4;5;12;13;16;25;26;Fevereiro;;;;;;;;;;;
408;408;2021-01-19;SÃO PAULO, SP;200.000,00;0,00;1.669,98;20,00;4,00;2,00;0;49;1.682;20.487;71.871;10;14;17;20;25;27;29;Outubro;;;;;;;;;;;
409;409;2021-01-21;SÃO PAULO, SP;400.000,00;0,00;1.773,66;20,00;4,00;2,00;0;51;1.818;21.094;71.083;10;14;16;24;28;30;31;Janeiro;;;;;;;;;;;
410;410;2021-01-23;SÃO PAULO, SP;600.000,00;0,00;1.689,68;20,00;4,00;2,00;0;59;1.668;21.363;87.109;6;12;14;16;18;27;31;Setembro;;;;;;;;;;;
411;411;2021-01-26;SÃO PAULO, SP;800.000,00;873.988,75;1.349,87;20,00;4,00;2,00;1;76;2.237;25.949;71.488;3;4;8;11;19;26;27;Janeiro;;;;;;;;;;;
412;412;2021-01-28;SÃO PAULO, SP;200.000,00;0,00;2.078,71;20,00;4,00;2,00;0;38;1.304;18.665;54.460;4;9;10;12;13;19;21;Janeiro;;;;;;;;;;;
413;413;2021-01-30;SÃO PAULO, SP;400.000,00;0,00;2.099,79;20,00;4,00;2,00;0;44;1.700;20.556;79.823;3;6;9;12;16;21;22;Março;;;;;;;;;;;
414;414;2021-02-02;SÃO PAULO, SP;600.000,00;635.313,28;2.522,38;20,00;4,00;2,00;1;40;1.686;22.213;82.204;2;11;17;20;28;30;31;Março;;;;;;;;;;;
415;415;2021-02-04;SÃO PAULO, SP;200.000,00;0,00;1.686,68;20,00;4,00;2,00;0;48;1.806;19.841;68.620;4;8;10;14;20;27;29;Fevereiro;;;;;;;;;;;
416;416;2021-02-06;SÃO PAULO, SP;400.000,00;414.149,89;1.379,04;20,00;4,00;2,00;1;70;2.091;23.515;81.641;3;8;11;13;23;24;30;Outubro;;;;;;;;;;;
417;417;2021-02-09;SÃO PAULO, SP;200.000,00;0,00;1.674,92;20,00;4,00;2,00;0;50;2.051;20.353;67.171;3;8;11;17;19;21;26;Agosto;;;;;;;;;;;
418;418;2021-02-11;SAO PAULO, SP;400.000,00;0,00;1.988,73;20,00;4,00;2,00;0;46;1.625;21.410;74.111;7;9;20;23;25;27;31;Outubro;;;;;;;;;;;
419;419;2021-02-13;SÃO PAULO, SP;600.000,00;0,00;1.141,68;20,00;4,00;2,00;0;119;2.521;27.827;89.933;2;3;10;13;17;24;31;Setembro;;;;;;;;;;;
420;420;2021-02-18;SÃO PAULO, SP;800.000,00;0,00;1.977,98;20,00;4,00;2,00;0;57;2.468;29.287;100.597;1;5;9;10;14;16;25;Setembro;;;;;;;;;;;
421;421;2021-02-20;SÃO PAULO, SP;1.100.000,00;0,00;1.658,04;20,00;4,00;2,00;0;76;2.716;28.947;94.277;6;9;11;14;19;22;25;Agosto;;;;;;;;;;;
422;422;2021-02-23;SÃO PAULO, SP;1.400.000,00;0,00;2.595,82;20,00;4,00;2,00;0;54;1.960;28.364;77.098;6;7;19;24;27;28;31;Junho;;;;;;;;;;;
423;423;2021-02-25;SÃO PAULO, SP;1.700.000,00;0,00;1.480,39;20,00;4,00;2,00;0;85;3.254;35.585;96.699;5;7;9;13;18;21;30;Novembro;;;;;;;;;;;
424;424;2021-02-27;SÃO PAULO, SP;2.000.000,00;2.170.333,60;2.461,11;20,00;4,00;2,00;1;63;2.432;30.876;105.489;1;6;11;13;23;25;31;Novembro;;;;;;;;;;;
425;425;2021-03-02;SÃO PAULO, SP;200.000,00;0,00;6.598,50;20,00;4,00;2,00;0;14;857;13.553;43.324;16;18;19;21;26;29;31;Junho;;;;;;;;;;;
426;426;2021-03-04;SÃO PAULO, SP;400.000,00;0,00;1.832,49;20,00;4,00;2,00;0;51;1.468;19.625;61.212;1;4;14;17;23;24;27;Maio;;;;;;;;;;;
427;427;2021-03-06;SÃO PAULO, SP;700.000,00;0,00;1.377,00;20,00;4,00;2,00;0;73;2.611;28.708;57.449;2;5;9;10;11;13;24;Julho;;;;;;;;;;;
428;428;2021-03-09;SÃO PAULO, SP;900.000,00;0,00;1.478,93;20,00;4,00;2,00;0;64;2.083;24.817;96.381;4;6;7;15;17;20;21;Março;;;;;;;;;;;
429;429;2021-03-11;SÃO PAULO, SP;1.100.000,00;0,00;1.857,97;20,00;4,00;2,00;0;81;2.197;26.732;99.075;8;15;17;19;23;27;31;Setembro;;;;;;;;;;;
430;430;2021-03-13;SÃO PAULO, SP;1.400.000,00;1.428.282,94;1.996,29;20,00;4,00;2,00;1;63;2.254;27.128;96.153;2;17;19;20;24;28;31;Fevereiro;;;;;;;;;;;
431;431;2021-03-16;SÃO PAULO, SP;200.000,00;0,00;2.466,85;20,00;4,00;2,00;0;33;977;14.526;51.149;14;20;23;24;26;27;31;Novembro;;;;;;;;;;;
432;432;2021-03-18;SÃO PAULO, SP;400.000,00;356.694,34;1.520,49;20,00;4,00;2,00;1;47;1.712;19.593;66.892;5;9;12;15;24;27;28;Setembro;;;;;;;;;;;
433;433;2021-03-20;SÃO PAULO, SP;200.000,00;0,00;1.366,85;20,00;4,00;2,00;0;52;1.583;17.245;65.838;1;6;7;19;25;27;31;Setembro;;;;;;;;;;;
434;434;2021-03-23;SÃO PAULO, SP;350.000,00;0,00;3.264,88;20,00;4,00;2,00;0;23;1.216;16.636;66.599;7;12;14;22;24;30;31;Setembro;;;;;;;;;;;
435;435;2021-03-25;SÃO PAULO, SP;500.000,00;0,00;1.829,87;20,00;4,00;2,00;0;48;1.642;18.814;52.204;7;8;14;21;23;26;30;Janeiro;;;;;;;;;;;
436;436;2021-03-27;SÃO PAULO, SP;700.000,00;0,00;1.332,99;20,00;4,00;2,00;0;61;2.031;18.673;76.868;4;23;24;25;26;27;31;Setembro;;;;;;;;;;;
437;437;2021-03-30;SÃO PAULO, SP;900.000,00;0,00;4.677,52;20,00;4,00;2,00;0;21;1.428;19.834;66.944;1;14;22;26;27;28;31;Fevereiro;;;;;;;;;;;
438;438;2021-04-01;SÃO PAULO, SP;1.100.000,00;1.235.829,69;1.682,60;20,00;4,00;2,00;1;69;3.009;31.870;61.313;3;7;10;18;19;22;28;Julho;;;;;;;;;;;
439;439;2021-04-03;SÃO PAULO, SP;200.000,00;0,00;1.873,69;20,00;4,00;2,00;0;44;1.207;13.898;36.638;1;6;14;19;23;27;28;Maio;;;;;;;;;;;
440;440;2021-04-06;SÃO PAULO, SP;250.000,00;0,00;1.760,38;20,00;4,00;2,00;0;47;1.592;19.115;53.122;2;8;13;14;17;21;24;Maio;;;;;;;;;;;
441;441;2021-04-08;SÃO PAULO, SP;500.000,00;0,00;2.249,87;20,00;4,00;2,00;0;37;1.481;19.474;82.733;1;9;14;19;28;29;30;Setembro;;;;;;;;;;;
442;442;2021-04-10;SÃO PAULO, SP;700.000,00;754.747,32;1.738,16;20,00;4,00;2,00;1;82;2.291;24.463;72.561;5;12;15;18;24;26;30;Dezembro;;;;;;;;;;;
443;443;2021-04-13;SÃO PAULO, SP;200.000,00;175.015,01;1.923,24;20,00;4,00;2,00;1;39;1.365;14.442;69.264;1;6;8;10;11;21;31;Abril;;;;;;;;;;;
444;444;2021-04-15;SÃO PAULO, SP;150.000,00;0,00;2.169,86;20,00;4,00;2,00;0;34;1.129;15.657;63.939;2;5;6;10;22;26;31;Abril;;;;;;;;;;;
445;445;2021-04-17;SÃO PAULO, SP;350.000,00;386.367,27;3.060,36;20,00;4,00;2,00;1;30;1.078;15.511;47.166;1;16;18;21;24;26;30;Junho;;;;;;;;;;;
446;446;2021-04-20;SÃO PAULO, SP;150.000,00;0,00;3.064,95;20,00;4,00;2,00;0;26;1.141;15.559;49.178;3;5;6;11;16;21;27;Dezembro;;;;;;;;;;;
447;447;2021-04-22;SÃO PAULO, SP;300.000,00;0,00;1.618,59;20,00;4,00;2,00;0;54;1.591;17.547;56.187;4;7;9;18;20;26;29;Abril;;;;;;;;;;;
448;448;2021-04-24;SAO PAULO, SP;500.000,00;0,00;2.355,22;20,00;4,00;2,00;0;39;1.332;18.300;72.406;4;5;6;15;20;25;29;Março;;;;;;;;;;;
449;449;2021-04-27;SÃO PAULO, SP;700.000,00;749.857,67;2.607,14;20,00;4,00;2,00;1;34;1.493;20.391;77.702;4;6;7;16;22;23;29;Outubro;;;;;;;;;;;
450;450;2021-04-29;SÃO PAULO, SP;200.000,00;0,00;1.946,68;20,00;4,00;2,00;0;37;1.298;17.937;63.915;10;15;19;24;26;27;29;Abril;;;;;;;;;;;
451;451;2021-05-04;SÃO PAULO, SP;400.000,00;0,00;2.001,87;20,00;4,00;2,00;0;53;2.066;27.100;87.181;7;11;17;19;24;26;30;Março;;;;;;;;;;;
452;452;2021-05-06;SÃO PAULO, SP;600.000,00;0,00;1.805,80;20,00;4,00;2,00;0;56;1.781;21.623;66.852;2;10;14;17;20;21;26;Fevereiro;;;;;;;;;;;
453;453;2021-05-08;SÃO PAULO, SP;900.000,00;0,00;1.683,98;20,00;4,00;2,00;0;65;2.097;26.871;88.809;1;3;8;13;17;21;23;Outubro;;;;;;;;;;;
454;454;2021-05-11;SÃO PAULO, SP;1.100.000,00;0,00;2.726,48;20,00;4,00;2,00;0;50;2.297;31.252;70.872;3;4;10;11;13;16;17;Julho;;;;;;;;;;;
455;455;2021-05-13;SÃO PAULO, SP;1.500.000,00;763.096,23;1.536,30;20,00;4,00;2,00;2;84;2.465;31.950;126.649;9;12;13;14;21;24;29;Agosto;;;;;;;;;;;
456;456;2021-05-15;SÃO PAULO, SP;200.000,00;0,00;3.865,72;20,00;4,00;2,00;0;22;1.054;15.831;66.141;2;12;18;19;21;22;30;Março;;;;;;;;;;;
457;457;2021-05-18;SÃO PAULO, SP;400.000,00;0,00;2.287,70;20,00;4,00;2,00;0;39;1.467;18.915;50.214;4;8;12;14;15;22;29;Janeiro;;;;;;;;;;;
458;458;2021-05-20;SÃO PAULO, SP;600.000,00;295.041,30;1.755,05;20,00;4,00;2,00;2;64;1.758;20.679;81.941;9;10;14;15;22;27;28;Setembro;;;;;;;;;;;
459;459;2021-05-22;SÃO PAULO, SP;200.000,00;0,00;1.625,42;20,00;4,00;2,00;0;48;1.600;17.813;53.333;1;8;10;13;16;27;29;Fevereiro;;;;;;;;;;;
460;460;2021-05-25;SÃO PAULO, SP;400.000,00;0,00;1.809,98;20,00;4,00;2,00;0;44;1.343;17.858;62.399;7;17;18;20;21;28;31;Abril;;;;;;;;;;;
461;461;2021-05-27;SÃO PAULO, SP;500.000,00;0,00;3.162,07;20,00;4,00;2,00;0;28;1.452;18.341;49.130;2;8;11;24;25;28;29;Janeiro;;;;;;;;;;;
462;462;2021-05-29;SÃO PAULO, SP;800.000,00;0,00;2.083,32;20,00;4,00;2,00;0;46;1.727;21.739;62.375;1;5;6;10;19;21;26;Dezembro;;;;;;;;;;;
463;463;2021-06-01;SÃO PAULO, SP;900.000,00;1.072.950,20;1.931,25;20,00;4,00;2,00;1;61;2.015;24.371;58.193;5;8;10;16;22;26;30;Julho;;;;;;;;;;;
464;464;2021-06-05;SÃO PAULO, SP;200.000,00;0,00;2.872,13;20,00;4,00;2,00;0;36;1.698;22.386;77.112;7;10;11;15;21;25;31;Abril;;;;;;;;;;;
465;465;2021-06-08;SÃO PAULO, SP;500.000,00;0,00;2.724,38;20,00;4,00;2,00;0;34;1.371;19.008;67.363;1;9;20;25;27;30;31;Abril;;;;;;;;;;;
466;466;2021-06-10;SÃO PAULO, SP;650.000,00;665.239,70;1.370,42;20,00;4,00;2,00;1;65;1.952;21.852;69.523;2;5;8;13;15;20;25;Agosto;;;;;;;;;;;
467;467;2021-06-12;SÃO PAULO, SP;200.000,00;0,00;2.356,13;20,00;4,00;2,00;0;34;1.279;16.998;56.425;5;6;9;21;22;25;29;Maio;;;;;;;;;;;
468;468;2021-06-15;SÃO PAULO, SP;400.000,00;351.631,05;715,20;20,00;4,00;2,00;1;141;3.364;27.269;63.896;3;7;8;10;17;24;28;Abril;;;;;;;;;;;
469;469;2021-06-17;SÃO PAULO, SP;200.000,00;203.168,47;2.123,71;20,00;4,00;2,00;1;41;1.386;17.957;45.248;5;6;7;8;11;14;26;Julho;;;;;;;;;;;
470;470;2021-06-19;SÃO PAULO, SP;200.000,00;0,00;1.946,06;20,00;4,00;2,00;0;41;1.454;18.199;66.290;1;12;14;15;16;19;23;Outubro;;;;;;;;;;;
471;471;2021-06-22;SÃO PAULO, SP;400.000,00;380.918,30;2.384,64;20,00;4,00;2,00;1;35;1.532;19.810;60.918;2;3;11;12;19;24;27;Novembro;;;;;;;;;;;
472;472;2021-06-24;SÃO PAULO, SP;200.000,00;0,00;1.249,27;20,00;4,00;2,00;0;70;2.110;20.687;58.089;5;7;9;10;22;25;29;Março;;;;;;;;;;;
473;473;2021-06-26;SÃO PAULO, SP;350.000,00;0,00;2.428,20;20,00;4,00;2,00;0;35;1.298;16.109;43.458;2;9;11;16;20;27;28;Julho;;;;;;;;;;;
474;474;2021-06-29;SÃO PAULO, SP;500.000,00;0,00;1.626,91;20,00;4,00;2,00;0;76;1.810;20.642;47.814;6;8;9;12;14;17;19;Julho;;;;;;;;;;;
475;475;2021-07-01;SÃO PAULO, SP;700.000,00;0,00;1.341,27;20,00;4,00;2,00;0;65;2.176;24.691;73.393;10;14;15;18;23;27;29;Agosto;;;;;;;;;;;
476;476;2021-07-03;SÃO PAULO, SP;1.000.000,00;1.016.441,60;2.065,75;20,00;4,00;2,00;1;56;2.371;27.176;99.364;2;5;6;10;23;27;31;Outubro;;;;;;;;;;;
477;477;2021-07-06;SÃO PAULO, SP;200.000,00;59.101,35;1.644,74;20,00;4,00;2,00;3;66;1.968;20.624;64.582;2;5;8;12;19;23;26;Março;;;;;;;;;;;
478;478;2021-07-08;SÃO PAULO, SP;200.000,00;0,00;1.889,91;20,00;4,00;2,00;0;44;1.789;21.532;51.546;3;4;9;27;29;30;31;Junho;;;;;;;;;;;
479;479;2021-07-10;SÃO PAULO, SP;400.000,00;0,00;2.782,41;20,00;4,00;2,00;0;32;1.260;18.283;67.868;1;5;12;13;15;20;23;Abril;;;;;;;;;;;
480;480;2021-07-13;SÃO PAULO, SP;600.000,00;0,00;1.554,29;20,00;4,00;2,00;0;53;1.918;22.840;86.382;3;6;10;17;20;28;31;Setembro;;;;;;;;;;;
481;481;2021-07-15;SÃO PAULO, SP;800.000,00;0,00;3.753,84;20,00;4,00;2,00;0;29;1.381;19.653;58.746;4;5;11;14;23;24;31;Junho;;;;;;;;;;;
482;482;2021-07-17;SÃO PAULO, SP;1.100.000,00;0,00;2.471,29;20,00;4,00;2,00;0;50;2.049;26.779;82.406;1;8;18;23;25;29;30;Fevereiro;;;;;;;;;;;
483;483;2021-07-20;SÃO PAULO, SP;1.300.000,00;0,00;1.758,89;20,00;4,00;2,00;0;79;2.629;31.411;93.834;2;9;11;12;16;23;29;Novembro;;;;;;;;;;;
484;484;2021-07-22;SÃO PAULO, SP;1.800.000,00;0,00;3.617,84;20,00;4,00;2,00;0;42;1.831;26.889;95.901;1;4;9;14;20;25;26;Janeiro;;;;;;;;;;;
485;485;2021-07-24;SÃO PAULO, SP;2.000.000,00;0,00;1.929,46;20,00;4,00;2,00;0;92;3.398;39.175;106.909;4;20;21;22;23;26;28;Novembro;;;;;;;;;;;
